ID,Date Reported,Date Occurred,Date Discovered,Author,Target,Description,Attack,Target Class,Attack Class,Country,Link
1,16/01/2024,Since 2022,01/12/2022,?,Multiple organizations,CISA and the FBI warned that threat actors using Androxgh0st malware are building a botnet focused on cloud credential theft and using the stolen information to deliver additional malicious payloads.,Malware,Multiple Industries,Cyber Crime,US,Link
2,16/01/2024,,,?,Multiple organizations,"Google releases security updates to fix CVE-2024-0519, the first Chrome zero-day vulnerability exploited in the wild since the start of the year.",CVE-2024-0519 Vulnerability,Multiple Industries,N/A,N/A,Link
3,16/01/2024,,,?,Multiple organizations,"Citrix urged customers to immediately patch Netscaler ADC and Gateway appliances exposed online against CVE-2023-6548 and CVE-2023-6549, two actively exploited zero-day vulnerabilities.",CVE-2023-6548 and CVE-2023-6549 Vulnerabilities,Multiple Industries,N/A,N/A,Link
4,16/01/2024,16/01/2024,16/01/2024,?,Kansas State University,Kansas State University (K-State) announces it is managing a cybersecurity incident that has disrupted certain network systems.,Unknown,Education,Cyber Crime,US,Link
5,16/01/2024,06/01/2024,,?,National Bank of Angola,The National Bank of Angola discloses to have suffered a cyber attack.,Unknown,Education,Cyber Crime,AO,Link
6,16/01/2024,Between 01/02/2021 and 10/07/2021,,?,Loïc Lawson and Anani Sossou,Reporters Without Borders (RSF) announces to have found traces of spyware resembling NSO group’s Pegasus surveillance tool on the phones of two journalists in Togo (Loïc Lawson and Anani Sossou).,Targeted Attack,Information and communication,Cyber Espionage,TG,Link
7,16/01/2024,'In recent months','In recent months',?,Individuals,"Researchers from Netcraft discover an increased number of high-volume health product campaigns exploiting cheap top-level domains (TLDs), reaching up to 60% of a TLD’s daily domain registrations.",Scam,Individual,Cyber Crime,>1,Link
8,16/01/2024,29/06/2023,29/06/2023,,J.D. Gilmour,J.D. Gilmour files a notice of data breach after discovering that an unauthorized party was able to access an employee’s email account.,Account Takeover,Finance and insurance,Cyber Crime,US,Link
9,16/01/2024,16/01/2024,16/01/2024,?,Socket,Blockchain protocol Socket pauses some operations after a threat actor steals $3.3 million.,Vulnerability,Fintech,Cyber Crime,N/A,Link
10,17/01/2024,Since November 2023,Since November 2023,"Mint Sandstorm (a.k.a. PHOSPHORUS), subgroup of APT35 (a.k.a. Charming Kitten)","High-profile individuals working on Middle Eastern affairs at universities and research organizations in Belgium, France, Gaza, Israel, the United Kingdom, and the United States","Researchers from Microsoft discover a new campaign from the Iranian-backed Mint Sandstom state hackers, targeting high-profile employees of research organizations and universities across Europe and the United States in spearphishing attacks pushing a new backdoor malware known as MediaPl.",Targeted Attack,Education,Cyber Espionage,BE FR IL PS UK US,Link
11,17/01/2024,17/01/2024,17/01/2024,NoName057(16),Several Government Websites in Switzerland,"A DDoS attack claimed by the pro-Russian group NoName057(16), temporarily disrupts access to a number of government websites, following Ukrainian President Volodymyr Zelensky’s visit to Davos.",DDoS,"Public admin and defence, social security",Hacktivism,CH,Link
12,17/01/2024,,,?,Multiple organizations,Researchers from Huntress reveal that ransomware actors are again using TeamViewer to gain initial access to organization endpoints and attempt to deploy encryptors based on the leaked LockBit ransomware builder.,Ransomware,Multiple Industries,Cyber Crime,>1,Link
13,17/01/2024,,,LockBit 3.0,Foxsemicon Integrated Technology,"Foxsemicon Integrated Technology, a subsidiary of Taiwanese electronics giant Foxconn, appears to have been targeted by the notorious LockBit ransomware group, which claims to have exfiltrated 5 Tb of data.",Ransomware,Manufacturing,Cyber Crime,TW,Link
14,17/01/2024,06/12/2023,,?,Clearview Resources,"Clearview Resources, a Canadian energy producer, discloses details surrounding a cyberattack that incurred a financial setback of US$1.5 million for the company.",Unknown,"Electricity, gas steam, air conditioning",Cyber Crime,CA,Link
15,17/01/2024,,,?,Indian Air Force,Researchers from Cyble uncover a new espionage campaign potentially targeting the Indian Air Force with the Go Stealer information-stealing malware.,Targeted Attack,"Public admin and defence, social security",Cyber Espionage,IN,Link
16,17/01/2024,29/06/2023,30/06/2023,,Dawson James Securities,Dawson James Securities files a notice of data breach after discovering that an unauthorized party was able to access portions of the company’s computer network.,Unknown,Finance and insurance,Cyber Crime,US,Link
17,18/01/2024,,20/09/2023,?,Multiple organizations,A new dataset named Naz.API contains 71 million email addresses from 1 billion credentials compiled using credential stuffing lists and data stolen by information-stealing malware.,Malware,Multiple Industries,Cyber Crime,>1,Link
18,18/01/2024,During January 2024,During January 2024,?,Multiple organizations,"Researchers from Cado Security discover a new campaign targeting vulnerable Docker services, deploying an XMRig miner and the 9hits viewer app on compromised hosts, allowing a dual monetization strategy.",Malware,Multiple Industries,Cyber Crime,>1,Link
19,18/01/2024,During 2023,During 2023,"COLDRIVER (a.k.a UNC4057, Star Blizzard and Callisto)","Ukraine, NATO countries, academic institutions and NGOs","Researchers Google TAG (Threat Analysis Group) reveal that the COLDRIVER Russian-backed hacking group is pushing Spica, a previously unknown backdoor malware using payloads masquerading as a PDF decryption tool.",Targeted Attack,"Public admin and defence, social security",Cyber Espionage,>1,Link
20,18/01/2024,,,?,Multiple organizations,"CISA warns that CVE-2023-35082, a critical authentication bypass vulnerability in Ivanti's Endpoint Manager Mobile (EPMM) and MobileIron Core device management software (patched in August 2023) is now under active exploitation.",CVE-2023-35082 Vulnerability,Unknown,N/A,N/A,Link
21,18/01/2024,,,?,Individuals in China,"Researchers from Jamf discover a series of pirated macOS applications modified to communicate to attacker infrastructure, and hosted on Chinese pirating websites.",Malware,Individual,Cyber Crime,CN,Link
22,18/01/2024,Since at least 11/01/2024,11/01/2024,TA866,Organizations in North America,Researchers from Proofpoint identify a new phishing email campaign from TA866 after a hiatus of nine months.,Malware,Multiple Industries,Cyber Crime,>1,Link
23,18/01/2024,'Over the past few weeks','Over the past few weeks',Multiple threat actors,Multiple organizations,"Researchers from Trustwave warn of a ""notable increase"" in threat actor activity actively exploiting CVE-2023-46604, a now-patched flaw in Apache ActiveMQ to deliver the Godzilla web shell on compromised hosts.",CVE-2023-46604 Vulnerability,Multiple Industries,Cyber Crime,>1,Link
24,18/01/2024,Since at least mid-November 2023,Mid-November 2023,?,Multiple organizations,"Researchers from Trellix discover NS-STEALER, a new Java-based ""sophisticated"" information stealer that uses a Discord bot to exfiltrate sensitive data from compromised hosts.",Malware,Multiple Industries,Cyber Crime,>1,Link
25,18/01/2024,Since March 2022,Since March 2022,Mimo,Multiple organizations,"Researchers from AhnLab reveal the details of a threat actor dubbed Mimo, exploiting multiple vulnerabilities to install coinminer and the Mimus ransomware.","Multiple vulnerabilities (Log4Shell CVE-2021-44228, WSO2 CVE-2022-29464, Atlassian Confluence CVE-2022-26134, PaperCut CVE-2023–27350, Apache ActiveMQ CVE-2023-46604",Multiple Industries,Cyber Crime,>1,Link
26,18/01/2024,Between late March and mid-November 2023,,?,US Health Department,"Threat actors stole about $7.5 million from the US Health Department, after accessing an HHS system that processes civilian grant payments.",Account Takeover,"Public admin and defence, social security",Cyber Crime,US,Link
27,18/01/2024,27/12/2023,27/12/2023,Akira,Denham,"The Akira ransomware operation claims responsibility for a cyber attack to Denham, a denim brand in the Netherlands. Fey days later the company confirms the cyber attack.",Ransomware,Manufacturing,Cyber Crime,NL,Link
28,18/01/2024,,,?,Multiple organizations in Portugal,Researchers from Morphisec discover a campaign delivering a new version of the Chae$ malware employing advanced code polymorphism to bypass antivirus detection.,Malware,Multiple Industries,Cyber Crime,PT,Link
29,18/01/2024,,18/10/2023,?,Community Memorial Healthcare,Community Memorial Healthcare (CMH) files a notice of data breach after discovering that an unauthorized party had accessed the company’s IT network.,Unknown,Human health and social work,Cyber Crime,US,Link
30,18/01/2024,12/12/2023,12/12/2023,?,Crace Medical Centre,Threat actors break into the medical records at Crace Medical Centre.,Unknown,Human health and social work,Cyber Crime,AU,Link
31,18/01/2024,Since April 2023,Since April 2023,?,Individuals in the crypto space,"Security researchers at Blockfence uncover a scam responsible for creating more than 1,300 fraudulent crypto tokens since April 2023, swindling $32 million from 42,000 victims.",Scam,Fintech,Cyber Crime,>1,Link
32,19/01/2024,,,?,Multiple organizations,"VMware confirms that CVE-2023-34048, a critical vCenter Server remote code execution vulnerability patched in October is now under active exploitation.",CVE-2023-34048 Vulnerability,Multiple Industries,N/A,N/A,Link
33,19/01/2024,Since at least late 2021,,UNC3886,Multiple organizations,"Researchers from Mandiant reveal that the UNC3886, a Chinese threat group, has been exploiting the CVE-2023-34048 critical vCenter Server vulnerability as a zero-day since at least late 2021.",CVE-2023-34048 Vulnerability,Multiple Industries,Cyber Espionage,>1,Link
34,19/01/2024,Since at least 17/01/2024,,?,Payoneer users in Argentina,Numerous Payoneer users in Argentina report waking up to find that their 2FA-protected accounts were hacked and funds stolen after receiving SMS OTP codes while they were sleeping.,Unknown Vulnerability,Fintech,Cyber Crime,AR,Link
35,19/01/2024,During November 2023,12/01/2024,"Midnight Blizzard a.k.a. Cozy Bear, APT29, and Nobelium",Microsoft,Microsoft warns that some of its corporate email accounts were breached and data stolen by a Russian state-sponsored hacking group known as Midnight Blizzard.,Password Spray,"Professional, scientific and technical",Cyber Espionage,US,Link
36,19/01/2024,17/01/2024,,?,Trezor,Trezor issues a security alert after identifying a data breach due to unauthorized access to their third-party support ticketing portal.,Unknown,Manufacturing,Cyber Crime,RU,Link
37,19/01/2024,,21/12/2023,?,Jason's Deli,Jason's Deli warns of a data breach in notifications sent to customers of its online platform stating that their personal data was exposed in credential stuffing attacks.,Credential Stuffing,Accommodation and food service,Cyber Crime,US,Link
38,19/01/2024,Mid-January 2024,19/01/2024,?,Veolia North America,"Veolia North America, a subsidiary of transnational conglomerate Veolia, discloses a ransomware attack that impacts systems part of its Municipal Water division and disrupts its bill payment systems.",Ransomware,"Water supply, waste mgmt, remediation",Cyber Crime,US,Link
39,19/01/2024,Since at least 2019,During September 2023,Parrot TDS,Multiple organizations,Researchers from Palo Alto Networks reveal that the Parrot TDS (Traffic Distribution System) is still very active and its operators continue to work on making their JavaScript injections harder to detect and remove.,Traffic Distribution System (TDS),Multiple Industries,Cyber Crime,>1,Link
40,19/01/2024,Since 09/01/2024,12/01/2024,?,Multiple organizations,"Researchers from Phylum discover 'oscompatible', a malicious package uploaded to the npm registry deploying a trojanized version of AnyDesk on compromised Windows machines.",Malware,Multiple Industries,Cyber Crime,>1,Link
41,19/01/2024,Since September 2023,Since September 2023,?,Multiple organizations,"Researchers from Zscaler discover a new campaign delivering the ZLoader (a.k.a. Terdot, DELoader, or Silent Night) malware, nearly two years after the botnet's infrastructure was dismantled in April 2022.",Malware,Multiple Industries,Cyber Crime,>1,Link
42,19/01/2024,During 2023,During 2023,?,Passenger Rail Agency of South Africa (PRASA),South Africa's railway agency (PRASA) discloses that it lost some 30.6 million rand (US$1.6 million) after the transport network fell victim to a phishing scam.,Account Takeover,Transportation and storage,Cyber Crime,ZA,Link
43,19/01/2024,19/01/2024,19/01/2024,?,Canterbury City Council,Canterbury City Council takes some of its public-facing systems offline due to an ongoing cybersecurity issue.,Unknown,"Public admin and defence, social security",Cyber Crime,GB,Link
44,19/01/2024,19/01/2024,19/01/2024,?,Dover District Council,Dover District Council takes some of its public-facing systems offline due to an ongoing cybersecurity issue.,Unknown,"Public admin and defence, social security",Cyber Crime,GB,Link
45,19/01/2024,19/01/2024,19/01/2024,?,Thanet District Council,Thanet District Council takes some of its public-facing systems offline due to an ongoing cybersecurity issue.,Unknown,"Public admin and defence, social security",Cyber Crime,GB,Link
46,19/01/2024,19/01/2024,19/01/2024,?,Clackamas Community College,Clackamas Community College suffers a cybersecurity incident and is forced to cancel all classes.,Unknown,Education,Cyber Crime,US,Link
47,19/01/2024,During January 2024,During January 2024,?,Ukrainian government entities and companies,"Researchers from AhnLab identify multiple instances of the SmokeLoader malware distributed to Ukrainian government entities and companies, including the Department of Justice, public institutions, insurance companies, medical institutions, construction companies, and manufacturing companies.",Malware,Multiple Industries,Cyber Crime,UA,Link
48,19/01/2024,Throughout Q2 and Q3 2023,Throughout Q2 and Q3 2023,?,Multiple organizations,Researchers from Kroll observe an increased use of the malicious “SYSTEMBC” tool to maintain access in a compromised network.,Malware,Multiple Industries,Cyber Crime,>1,Link
49,19/01/2024,,20/01/2024,?,LoanPro,Above Lending files a notice of data breach after discovering that an unauthorized party was able to access LoanPro’s IT network.,Unknown,Fintech,Cyber Crime,US,Link
50,19/01/2024,17/10/2023,17/10/2023,,First Financial Security,First Financial Security (FFS) files a notice of data breach after discovering that the company was recently targeted in a ransomware attack.,Ransomware,Finance and insurance,Cyber Crime,US,Link
51,19/01/2024,31/07/2023,02/08/2023,?,Sirius Federal,Sirius Federal files a notice of data breach after discovering that files stored on the company’s IT network were subject to unauthorized access.,Unknown,Administration and support service,Cyber Crime,US,Link
52,19/01/2024,Between 19/05/2023 and  21/05/2023,'Recently',?,Columbus Regional Healthcare System,Columbus Regional Healthcare System (CRHS) files a notice of data breach after discovering that hackers were able to remove personal information from the company’s computer network.,Unknown,Human health and social work,Cyber Crime,US,Link
53,19/01/2024,20/09/2023,20/09/2023,,Ashford,Ashford files a notice of data breach after discovering that an unauthorized actor was able to access and acquire information stored on the company’s IT network.,Unknown,Finance and insurance,Cyber Crime,US,Link
54,19/01/2024,,20/10/2023,Phobos,Primary Health & Wellness Center,Primary Health & Wellness Center provides a public notice of a ransomware incident.,Ransomware,Human health and social work,Cyber Crime,US,Link
55,20/01/2024,20/01/2024,20/01/2024,?,Individuals in the U.S.,"In a phone message, a voice edited to sound like Biden urges voters in New Hampshire not to cast their ballots in Tuesday’s Democratic primary.",Deepfake,Individual,Cyber Crime,US,Link
56,20/01/2024,,,LockBit 3.0,East Valley Institute of Technology,The LockBit ransomware gang claims responsibility for a cyber attack to East Valley Institute of Technology.,Ransomware,Education,Cyber Crime,US,Link
57,20/01/2024,,,LockBit 3.0,Pratt Institute,The LockBit ransomware gang claims responsibility for a cyber attack to Pratt Institute.,Ransomware,Education,Cyber Crime,US,Link
58,21/01/2024,Since January 2023,Since January 2023,?,Individuals,A widespread Facebook phishing campaign leads unsuspecting users to a website that steals the Facebook credentials.,Account Takeover,Individual,Cyber Crime,>1,Link
59,21/01/2024,19/01/2024,19/01/2024,Akira,Tietoevry,Finnish IT services and enterprise cloud hosting provider Tietoevry suffers an Akira ransomware attack impacting cloud hosting customers in one of its data centers in Sweden.,Ransomware,"Professional, scientific and technical",Cyber Crime,SE,Link
60,21/01/2024,,,LockBit 3.0,Subway,Sandwich chain Subway launches an investigation after the notorious LockBit ransomware group claims over the weekend that it hacked into the company’s systems and stole vast amounts of information.,Ransomware,Accommodation and food service,Cyber Crime,US,Link
61,21/01/2024,19/01/2024,19/01/2024,Threat actors from Russia,Monobank,"Monobank, Ukraine’s largest mobile-only bank, is hit with a DDoS attack.",DDoS,Finance and insurance,Cyber Warfare,UA,Link
62,21/01/2024,,,?,Finham Park Multi Academy Trust,The Finham Park Multi Academy Trust suffers three ransomware attacks.,Ransomware,Education,Cyber Crime,GB,Link
63,22/01/2024,19/01/2024,22/01/2024,?,Multiple organizations,Researchers from Shadowserver are observing exploitation attempts for the CVE-2023-22527 remote code execution flaw vulnerability that affects outdated versions of Atlassian Confluence servers.,CVE-2023-22527 Vulnerability,Multiple Industries,N/A,N/A,Link
64,22/01/2024,During December 2023,During December 2023,?,macOS users in the crypto space in the US and Germany,"Researchers from Kaspersky discover a campaign where users are using a stealthy method to deliver to macOS users cryptowallet-stealing malware, named Activator, through DNS records that hide malicious scripts.",Malware,Fintech,Cyber Crime,DE US,Link
65,22/01/2024,,,?,Multiple organizations,"Apple releases security updates to address CVE-2024-23222, a zero-day vulnerability exploited in attacks that could impact iPhones, Macs, and Apple TVs.",CVE-2024-23222 Vulnerability,Multiple Industries,N/A,N/A,Link
66,22/01/2024,During December 2023,During December 2023,"ScarCruft a.k.a. APT37, InkySquid, RedEyes, Ricochet Chollima, and Ruby Sleet",Media organizations and high-profile experts in North Korean affairs,"Researchers from Sentinel One unveil a new campaign targeting media organizations and high-profile experts in North Korean affairs, orchestrated by the threat actor known as ScarCruft.",Targeted Attack,Information and communication,Cyber Espionage,KR,Link
67,22/01/2024,Since 28/09/2023,Since 28/09/2023,'WS',Multiple organizations,"Researchers from Fortinet discover malicious packages on the open-source Python Package Index (PyPI) repository (nigpal, figflix, telerer, seGMM, fbdebug, sGMM, myGens, NewGends, and TestLibs111) that deliver an information stealing malware called WhiteSnake Stealer on Windows systems.",Malware,Multiple Industries,Cyber Crime,>1,Link
68,22/01/2024,,,9Near – Hacktivist,Thai Public Health Ministry’s Immunization Centre.,A threat actor named '9Near – Hacktivist' claims to leak 55 million records allegedly taken from the Thai Public Health Ministry’s Immunization Centre.,Unknown,Human health and social work,Cyber Crime,TH,Link
69,22/01/2024,,11/01/2024,Naraka',Chula Book,"An individual known as Naraka lists a data dump for sale on breachforums.is, featuring one of Thailand's largest bookstores called Chula Book. The breach affects over 160,000 users.",Unknown,Wholesale and retail,Cyber Crime,TH,Link
70,22/01/2024,,30/12/2023,?,Unknown organization in Thailand,"The operators of the UFO Market on Telegram put on sale stolen data with 538,418 records featuring personal identifiable information (PII) of Thai individuals, encompassing details like citizens' ID card numbers.",Unknown,Unknown,Cyber Crime,TH,Link
71,22/01/2024,,,R1g,Royal Thai Volunteers,"A threat actor named R1g leaks the personal database of the Royal Thai Volunteers, containing 4.6 million of records with sensitive personal information such as names, citizen ID numbers, gender, birthdates, and addresses.",Unknown,Other service activities,Cyber Crime,TH,Link
72,22/01/2024,,,?,Basic Education Commission (OBEC) in Thailand,"The operators of the UFO Market on Telegram put on sale a massive amount of data, specifically 3,149,330 records related to students, believed to have been illicitly obtained from the Basic Education Commission (OBEC).",Unknown,Education,Cyber Crime,TH,Link
73,22/01/2024,,,?,Department of Older Persons in Thailand (DOP.go.th),"The personal identifiable information (PII) primarily of elderly population in Thailand is leaked in a forum, with 690MB in size, containing 19,718,687 rows of data.",Unknown,"Public admin and defence, social security",Cyber Crime,TH,Link
74,22/01/2024,,10/01/2024,?,Bangkok Industrial Gas Company Limited,The Bangkok Industrial Gas Company Limited suffers a leak.,Unknown,"Electricity, gas steam, air conditioning",Cyber Crime,TH,Link
75,22/01/2024,,,Ghostr,Stock trading platform in Thailand,A threat actor named Ghostr leaks about 186GB of data with 5.3 million records from a stock trading platform.,Unknown,Fintech,Cyber Crime,TH,Link
76,22/01/2024,,01/01/2024,Milw0rm,Unknown Job Seeking Platform in Thailand,"A threat actor named Milw0rm leaks 61,000 rows of records related to Thai job seekers and includes an extensive range of personal information.",Unknown,Administration and support service,Cyber Crime,TH,Link
77,22/01/2024,,11/01/2024,R1g,Thailand Navy Officers,The threat actor named R1g leaks sensitive information pertaining to Thailand Navy Officers.,Unknown,"Public admin and defence, social security",Cyber Crime,TH,Link
78,22/01/2024,,15/01/2024,Soni,Unknown Healthcare organization in Thailand,"A threat actor named Soni posts a leaked database related to healthcare. The data breach consists of 25.5k records of user information including ID, user URL, encrypted passwords (phpass), user emails, login details, account status, display names, registration dates, and user activation keys.",Unknown,Human health and social work,Cyber Crime,TH,Link
79,22/01/2024,,,?,Officials and law enforcement personnel in Thailand,"Threat actors leak the personal identity details of officials and law enforcement personnel in Thailand, along with sensitive content.",Unknown,"Public admin and defence, social security",Cyber Crime,TH,Link
80,22/01/2024,During 2023,During 2023,?,Multiple organizations in Italy,A highly targeted phishing campaign named “My Slice” targets e-mail account holders of Italian organizations.,Account Takeover,Multiple Industries,Cyber Crime,IT,Link
81,22/01/2024,20/01/2024,20/01/2024,?,teenpatti.com,"A thret actor with the nickname ‘roshtosh' leaks data from teenpatti.com, a gambling platform in India.",Unknown,"Arts entertainment, recreation",Cyber Crime,IN,Link
82,22/01/2024,20/01/2024,20/01/2024,?,mpl.live,The same threat actor ‘roshtosh' leaks data from mpl.live (Mobile Premier League) another gambling platform in India.,Unknown,"Arts entertainment, recreation",Cyber Crime,IN,Link
83,22/01/2024,14/01/2024,14/01/2024,Play,Douglas County Libraries,The Douglas County Libraries is hit with a Play ransomware attack.,Ransomware,Education,Cyber Crime,US,Link
84,22/01/2024,'Recently','Recently',Threat actor from Pakistan,Individuals in India,"Researchers from Cyfirma identify a campaign carried out by a Pakistan-based trheat actor, targeting Indians with fake loan Android applications.",Malware,Individual,Cyber Crime,IN,Link
85,22/01/2024,During 2023,During 2023,Multiple threat actors,Multiple organizations in the healthcare sector,The Department of Health and Human Services' Health Sector Cybersecurity Coordination Center (HHS HC3) warns of attacks on healthcare sector firms that use ConnectWise's remote access tool ScreenConnect.,Weaponized legitimate software,Human health and social work,Cyber Crime,US,Link
86,22/01/2024,During August 2023,During August 2023,?,Carnegie Mellon University,"Carnegie Mellon University informs about 7,300 people that their personal information may have been compromised in an August cyber attack.",Unknown,Education,Cyber Crime,US,Link
87,23/01/2024,Since at least December 2023,15/12/2024,Kasseika,Multiple organizations,"Researchers from Trend Micro reveal the details of 'Kasseika', a recently uncovered ransomware operation that employs Bring Your Own Vulnerable Driver (BYOVD) tactics to disable antivirus software before encrypting files.",Ransomware,Multiple Industries,Cyber Crime,>1,Link
88,23/01/2024,,16/01/2024,'emo',Trello,"A threat actor with the moniker of 'emo' leaks the private emails of 15,115,516 Trello members, using an exposed Trello API to link private email addresses with Trello accounts, enabling the creation of millions of data profiles containing both public and private information.",API Vulnerability,"Professional, scientific and technical",Cyber Crime,AU,Link
89,23/01/2024,Since at least 2017,During 2022,VexTrio',Multiple organizations,"Researchers from Infoblox reveal the details of 'VexTrio', a previously unknown traffic distribution system (TDS), active since at least 2017, aiding 60 affiliates in their cybercrime operations through a massive network of 70,000 sites.",Traffic Distribution System (TDS),Multiple Industries,Cyber Crime,>1,Link
90,23/01/2024,Since at least 03/01/2024,03/01/2024,?,Multiple organizations,"Researchers from ReversingLabs discover warbeast2000 and kodiak2k, two malicious npm packages leveraging GitHub to store Base64-encrypted SSH keys stolen from developer systems on which they were installed.",Malware,Multiple Industries,Cyber Crime,>1,Link
91,23/01/2024,'Recently','Recently',?,Multiple organizations,"Researchers from Arctic Wolf discover a new Go-based malware loader called CherryLoader, used to deliver additional payloads onto compromised hosts for follow-on exploitation.",Malware,Multiple Industries,Cyber Crime,>1,Link
92,23/01/2024,During November 2023 and January 2024,During November 2023 and January 2024,"Mustang Panda (a.k.a. BASIN, Bronze President, Camaro Dragon, Earth Preta, HoneyMyte, RedDelta, Red Lich, Stately Taurus, and TEMP.Hex)",Myanmar's Ministry of Defence and Foreign Affairs,"Researchers from CSIRT-CTI reveal the details of two campaigns from the China-based threat actor known as Mustang Panda, targeting Myanmar's Ministry of Defence and Foreign Affairs as part of twin campaigns designed to deploy backdoors and remote access trojans.",Targeted Attack,"Public admin and defence, social security",Cyber Espionage,MM,Link
93,23/01/2024,During January 2024,During January 2024,Frivinho,Multiple organizations,Researchers from Broadcom discover a new ransomware family dubbed Frivinho.,Ransomware,Multiple Industries,Cyber Crime,>1,Link
94,23/01/2024,17/01/2024,,Slug',AerCap,"Aircraft leasing giant AerCap confirms falling victim to ransomware after 'Slug', an emerging cybercrime gang claimed responsibility for the attack.",Ransomware,Finance and insurance,Cyber Crime,US,Link
95,23/01/2024,,,Black Basta,Southern Water,Southern Water confirms to have been hit with a Black Basta ransomware attack. The ransomware group claims to have stolen 750 Gb of files.,Ransomware,"Water supply, waste mgmt, remediation",Cyber Crime,UK,Link
96,23/01/2024,,,,Individuals in Abu Dhabi,"The National Investor, an Abu Dhabi-based investment management and advisory firm, warns that its name and logo are being used to advertise fraudulent investment opportunities.",Scam,Finance and insurance,Cyber Crime,UAE,Link
97,23/01/2024,Since at least 15/01/2024,15/01/2024,?,Khaadi,"Khaadi, a clothing retail site based in Pakistan and the United Arab Emirates is hit with a magecart attack.",Malicious Script Injection,Wholesale and retail,Cyber Crime,GB PK UAE,Link
98,23/01/2024,,,?,Individuals in the crypto space,"Researchers from Blockaid discover a phishing attack where an attacker was able to leverage a vulnerability in email service provider Mailer Lite to impersonate web3 companies, draining $600k+",Vulnerability,Fintech,Cyber Crime,>1,Link
99,24/01/2024,,,(BO Team) Pro-Ukrainian hacktivists,"Russian Center for Space Hydrometeorology, aka ""Planeta"" (планета)","The Main Intelligence Directorate of Ukraine's Ministry of Defense claims that pro-Ukrainian hacktivists breached the Russian Center for Space Hydrometeorology, aka ""Planeta"" (планета), and wiped 2 petabytes of data.",Unknown,"Public admin and defence, social security",Hacktivism,RU,Link
100,24/01/2024,22/01/2024,22/01/2024,LockBit 3.0,EquiLend,New York-based global financial technology firm EquiLend says its operations have been disrupted after some systems were taken offline in a cyberattack. The LockBit ransomware gang claims responsibility for the attack.,Ransomware,Fintech,Cyber Crime,US,Link
101,24/01/2024,Since at least 2018,During 2020,'Blackwood' (threat actor from China),Multiple organizations,"Researchers from ESET reveal the details of a previously unknown advanced threat actor tracked as 'Blackwood', using a sophisticated malware called NSPX30 in cyberespionage attacks against companies and individuals.",Targeted Attack,Multiple Industries,Cyber Espionage,>1,Link
102,24/01/2024,23/01/2024,23/01/2024,Medusa,Kansas City Area Transportation Authority (KCATA),The Kansas City Area Transportation Authority (KCATA) announces it was targeted by a ransomware attack. The Medusa ransomware operation claims responsibility for the attack.,Ransomware,Transportation and storage,Cyber Crime,US,Link
103,24/01/2024,During May 2023,12/12/2023,"Midnight Blizzard a.k.a. Cozy Bear, APT29, and Nobelium",Hewlett Packard Enterprise (HPE),Hewlett Packard Enterprise (HPE) discloses that suspected Russian hackers known as Midnight Blizzard gained access to the company's Microsoft Office 365 email environment to steal data from its cybersecurity team and other departments.,Account Takeover,"Professional, scientific and technical",Cyber Espionage,US,Link
104,24/01/2024,During January 2024,During January 2024,"Stone Panda (a.k.a. APT10, Bronze Riverside, Cicada, Earth Tengshe, MirrorFace, and Potassium)",Multiple organizations in Japan,"Researchers from Itochu discover an updated version of a backdoor called LODEINFO, distributed via spear-phishing attacks, and used against targets in Japan from the Chinese threat actor APT10.",Targeted Attack,Multiple Industries,Cyber Espionage,JP,Link
105,24/01/2024,01/01/2024,01/01/2024,,Financial Institutions in Mexico,Researchers from Blackberry reveal that Mexican financial institutions are under the radar of a new spear-phishing campaign that delivers a modified version of an open-source remote access trojan called AllaKore RAT.,Malware,Finance and insurance,Cyber Crime,MX,Link
106,24/01/2024,20/01/2024,20/01/2024,?,UK's Caravan and Motorhome Club (CAMC),The UK's Caravan and Motorhome Club (CAMC) faces a suspected cyberattack with members reporting widespread IT outages for the past five days.,Unknown,Administration and support service,Cyber Crime,GB,Link
107,24/01/2024,,,?,Bucks County,"Bucks County, Pennsylvania is hit with a cybersecurity incident that knocks out the Emergency Communications’ Department’s computer-aided dispatch (CAD) system.",Unknown,"Public admin and defence, social security",Cyber Crime,US,Link
108,24/01/2024,,,?,Washington County,Another community in Pennsylvania — Washington County — also reports a cybersecurity incident. The county’s court system says it is “currently experiencing network outages.”,Unknown,"Public admin and defence, social security",Cyber Crime,US,Link
109,24/01/2024,,,?,Individuals seeking asylum in the United States,Researchers from Cyble identify an ongoing campaign targeting individuals seeking asylum in the United States through the use of MetaStealer malware.,Malware,Individual,Cyber Crime,>1,Link
110,24/01/2024,,,?,Multiple organizations in South Korea,"Researchers from AhnLab discover a campaign distributing the AsyncRAT (VenomRAT) disguised as a Korean company’s certificate, via malicious Office documents.",Malware,Multiple Industries,Cyber Crime,KR,Link
111,24/01/2024,06/06/2023,11/07/2023,?,"Sigrist, Cheek, Potter & Huyser","Sigrist, Cheek, Potter & Huyser (SCP&H) files a notice of data breach after discovering that an unauthorized party gained access to the company’s email system and cloud-based storage site.",Account Takeover,"Professional, scientific and technical",Cyber Crime,US,Link
112,24/01/2024,,17/02/2023,?,Des Moines Orthopaedic Surgeons,Des Moines Orthopaedic Surgeons (DMOS) files a notice of data breach after discovering that an unauthorized actor was able to access the company’s computer network.,Unknown,Human health and social work,Cyber Crime,US,Link
113,25/01/2024,Since 24/01/2024,24/01/2024,?,Multiple organizations,"Researchers from Wordfence detect malicious activity targeting a critical severity flaw (CVE-2023-6933) in the ‘Better Search Replace’ WordPress plugin, with thousands of attempts in the past 24 hours.",CVE-2023-6933 Vulnerability,Multiple Industries,Cyber Crime,>1,Link
114,25/01/2024,,,"Midnight Blizzard a.k.a. Cozy Bear, APT29, and Nobelium",Multiple organizations,"Microsoft reveals that the Russian state-sponsored threat actor Midnight Blizzard, responsible for a cyber attack on its systems in late November 2023, has been targeting other organizations and that it's currently beginning to notify them.",">1 (Password Spray, Account takeover via malicious OAuth applications)",Multiple Industries,Cyber Espionage,>1,Link
115,25/01/2024,During January 2024,During January 2024,?,Individuals in China,Researchers from Malwarebytes reveal that Chinese-speaking users have been targeted by malicious Google ads for restricted messaging apps like Telegram as part of an ongoing malvertising campaign.,Malvertising,Individual,Cyber Crime,CN,Link
116,25/01/2024,'Recently','Recently',FAUST,Multiple organizations,Researchers from Fortinet discover a new variant of the Phobos ransomware dubbed FAUST,Ransomware,Multiple Industries,Cyber Crime,>1,Link
117,25/01/2024,25/01/2024,25/01/2024,?,Naftogaz,"Naftogaz, Ukraine's state-owned gas and oil company, is hit by a large-scale cyberattack.",DDoS,"Electricity, gas steam, air conditioning",Cyber Warfare,UA,Link
118,25/01/2024,25/01/2024,25/01/2024,?,Ukrzaliznytsia,"Ukraine's state railway, Ukrzaliznytsia, confirms that some of its services are under attack, preventing some customers from buying tickets online",DDoS,Transportation and storage,Cyber Warfare,UA,Link
119,25/01/2024,25/01/2024,25/01/2024,?,Ukrposhta,"Ukrposhta, the Ukrainian postal service, is also it with a cyber attack.",DDoS,Transportation and storage,Cyber Warfare,UA,Link
120,25/01/2024,25/01/2024,25/01/2024,National Cyber Army,Ukrtransbezpeka,"Ukrtransbezpeka, an Ukrainian government agency providing transport and traffic security is hit with a cyber attack claimed by a Russian group known as the National Cyber Army.",DDoS,"Public admin and defence, social security",Cyber Warfare,UA,Link
121,25/01/2024,23/01/2024,23/01/2024,MeshSec,Lev Cinemas,Turkish hacktivists from MeshSec project political messages about the war in Gaza onto digital signage in an Israeli movie theater.,Unknown,"Arts entertainment, recreation",Hacktivism,IL,Link
122,25/01/2024,11/09/2023,11/09/2023,?,GC Services,GC Services files a notice of data breach after discovering that the company was the target of a recent cyberattack.,Unknown,Administration and support service,Cyber Crime,US,Link
123,25/01/2024,15/11/2023,15/11/2023,LockBit 3.0,Planet Home Lending,Planet Home Lending files a notice of data breach after discovering that the company was recently the target of a ransomware attack.,Ransomware,Finance and insurance,Cyber Crime,US,Link
124,26/01/2024,27/08/2023,27/08/2023,,Keenan & Associates,"Keenan & Associates sends notices of a data breach to 1.5 million customers, warning that threat actors accessed their personal information in a recent cyberattack.",Unknown,Finance and insurance,Cyber Crime,US,Link
125,26/01/2024,Since November 2023,Since November 2023,Albabat a.k.a. White Bat,Multiple organizations,"Researchers from Fortinet discover a new ransomware family, written in Rust, dubbed Albabat.",Ransomware,Multiple Industries,Cyber Crime,>1,Link
126,26/01/2024,11/01/2024,11/01/2024,?,GALA Hispanic Theatre,"The GALA Hispanic Theatre, a popular theater in Washington, D.C. has more than $250,000 in stolen funds returned after hackers managed to siphon the money out of their bank account.",Account Takeover,"Arts entertainment, recreation",Cyber Crime,US,Link
127,26/01/2024,26/01/2024,26/01/2024,,Washington National Insurance Company,Washington National Insurance Company files a notice of data breach after discovering that a senior officer was targeted in a SIM-swapping attack.,SIM-swapping,Finance and insurance,Cyber Crime,US,Link
128,27/01/2024,26/01/2024,26/01/2024,?,US Aid Office,"The Colombia office of US Aid Office, the U.S. government agency that oversees foreign aid and development funding says its Facebook page was hacked.",Account Takeover,"Public admin and defence, social security",Cyber Crime,CO,Link
129,27/01/2024,27/01/2024,27/01/2024,?,Somesing,"Somesing, a blockchain-based social karaoke platform in South Korea, suffers an exploit and loses 730 million of its native token SSX, which amounts to $11.58 million",Vulnerability,Fintech,Cyber Crime,KR,Link
130,28/01/2024,,,Multiple threat actors,Multiple organizations,"Threat actors are actively exploiting CVE-2024-23897 and CVE-2024-23898, two critical vulnerabilities affecting Jenkins.",CVE-2024-23897 and CVE-2024-23898 Vulnerabilities,Multiple Industries,Cyber Crime,>1,Link
131,28/01/2024,During January 2024,During January 2024,DHC,Multiple organizations,Researchers from Broadcom discover a new ransomware family dubbed NOOSE.,Ransomware,Multiple Industries,Cyber Crime,>1,Link
132,28/01/2024,28/01/2024,28/01/2024,?,Freehold Township School District,"The Freehold Township School District informs its staff, families, and students that its schools and offices would be closed due to a cybersecurity incident.",Unknown,Education,Cyber Crime,US,Link
133,29/01/2024,,,?,Individuals in the U.S.,"The FBI issues a warning, following a surge of reports regarding criminals using couriers to collect cash or precious metals like gold or silver from victims (many senior citizens) whom the scammers instructed to sell their valuables.",Scam,Individual,Cyber Crime,US,Link
134,29/01/2024,17/01/2024,17/01/2024,Cactus,Schneider Electric,"Schneider Electric suffers a Cactus ransomware attack in the company's Sustainability Business division, leading to the theft of corporate data.",Ransomware,Manufacturing,Cyber Crime,FR,Link
135,29/01/2024,During January 2024,During January 2024,DHC,Multiple organizations,Researchers from Broadcom discover a new ransomware family dubbed DHC.,Ransomware,Multiple Industries,Cyber Crime,>1,Link
136,29/01/2024,,,?,Multiple organizations,"Researchers from Aqua Security discover an updated version of the malware HeadCrab, known to target Redis database servers across the world since early September 2021.",Malware,Multiple Industries,Cyber Crime,>1,Link
137,29/01/2024,28/01/2024,28/01/2024,?,Fulton County,Fulton County discloses to have experienced a “widespread system outage”  during the weekend. A ransomware group claims responsibility for the attack.,Ransomware,"Public admin and defence, social security",Cyber Crime,US,Link
138,29/01/2024,,,?,Asia-Pacific Network Information Centre (APNIC) African Network Information Centre (AFRINIC) Latin America and Caribbean Network Information Center (LACNIC),"Researchers from Resecurity discover over 1,572 compromised credentials from customers of RIPE, Asia-Pacific Network Information Centre (APNIC), the African Network Information Centre (AFRINIC), and the Latin America and Caribbean Network Information Center (LACNIC), resulting from infostealer infections.",Malware,Extraterritorial orgs and bodies,Cyber Crime,INT,Link
139,29/01/2024,,,Yahoo Boys and other threat actors from Nigeria,Teenagers from Western English-speaking countries,The Network Contagion Research Institute (NCRI) reveals that teenagers from Western English-speaking countries are increasingly targeted by financial sextortion attacks conducted by Nigeria-based cybercriminals.,Scam,Individual,Cyber Crime,>1,Link
140,29/01/2024,Since May 2023.,Since May 2023.,Alpha,"Multiple industries from electrical, retail, biochemical, apparel, health, and real estate","Researchers from Netenrich discover a new ransomware group called Alpha, recently emerging with the launch of its leak site on the Dark Web, featuring an initial listing of data from six victims.",Ransomware,Multiple Industries,Cyber Crime,IL UK US,Link
141,29/01/2024,27/01/2024,27/01/2024,?,Ukraine Coordination Headquarters for the Treatment of Prisoners of War,The Ukrainian state agency overseeing the treatment of prisoners says that it had restored access to its website after being hit by a distributed denial-of-service (DDoS) attack over the weekend.,DDoS,"Public admin and defence, social security",Cyber Warfare,UA,Link
142,29/01/2024,,,?,OpenAI,OpenAI officials say that the ChatGPT histories a user reported result from his ChatGPT account being compromised.,Account Takeover,"Professional, scientific and technical",Cyber Crime,US,Link
143,29/01/2024,29/01/2024,29/01/2024,?,Regione Basilicata,The local region of Basilicata in Italy suffers a ransomware attack.,Ransomware,"Public admin and defence, social security",Cyber Crime,IT,Link
144,29/01/2024,'During the past weeks','During the past weeks',Akira,Multiple organizations,Researchers from Truesec’s uncover an Akira ransomware campaign exploiting an old Cisco ASA and FTD bug tracked as CVE-2020-3259.,CVE-2020-3259 Vulnerability,Multiple Industries,Cyber Crime,>1,Link
145,29/01/2024,25/01/2024,25/01/2024,?,Municipality of Teo,"The municipality of Teo in Spain, is hit with a ransomware attack.",Ransomware,"Public admin and defence, social security",Cyber Crime,ES,Link
146,30/01/2024,'Recently','Recently',?,Multiple organizations,Researchers from  AT&T Cybersecurity discover a new phishing campaign abusing Microsoft Teams group chat requests to push malicious attachments that install the DarkGate malware payloads on victims' systems.,Malware,Multiple Industries,Cyber Crime,>1,Link
147,30/01/2024,SInce 2020,,UNC4990,Multiple organizations in Italy,"Researchers from Mandiant reveal the details of UNC4990, a financially motivated threat actor using USB devices for initial infection, and abusing legitimate online platforms, including GitHub, GitLab, Vimeo, and Ars Technica, to host encoded payloads embedded in seemingly benign content.",Malware,Multiple Industries,Cyber Crime,IT,Link
148,30/01/2024,,Earlier in January 2024,CYBO CREW and UNIT8200,Unknown organization in India,Researchers from CloudSEK discover a massive database containing the information of roughly 750 million mobile subscribers in India offered for sale on the dark web.,Unknown,Unknown,Cyber Crime,IN,Link
149,30/01/2024,'Recently','Recently',?,Romanian Chamber of Deputies,"Threat actors breach the database of the Romanian Chamber of Deputies, the lower house of the Parliament, reportedly managing to obtain confidential information, such as the prime minister’s identity documents, medical analyses, and other personal data.",Ransomware,"Public admin and defence, social security",Cyber Crime,RO,Link
150,30/01/2024,Between 20/12/2023 and 24/01/2024,24/01/2024,?,Global Affairs Canada,"Global Affairs Canada suffers a cyber attack and says an ""unplanned IT outage"" is affecting remote access to its network, activated intentionally to ""address the discovery of malicious cyber activity.""",Unknown,"Public admin and defence, social security",Cyber Crime,CA,Link
151,30/01/2024,,,?,Multiple organizations,Researchers from K7 Security Labs discover a new ransomware variant written in Python.,Ransomware,Multiple Industries,Cyber Crime,>1,Link
152,30/01/2024,01/01/2024,01/01/2024,TA576,Accounting and finance organizations in the U.S.,"Researchers from Proofpoint identify the return of TA576, a cybercriminal threat actor that uses tax-themed lures specifically targeting accounting and finance organizations, in the attempt to deliver remote access trojans (RATs).",Malware,Finance and insurance,Cyber Crime,US,Link
153,30/01/2024,'Recently','Recently',Trigona,Multiple organizations,Researchers from AhnLab discover a new activity of the Trigona ransomware threat actor installing Mimic ransomware.,Ransomware,Multiple Industries,Cyber Crime,>1,Link
154,30/01/2024,18/12/2023,18/12/2023,LockBit 3.0,Saint Anthony Hospital,Saint Anthony Hospital files a notice of data breach after discovering that an unauthorized party was able to gain access to the organization’s IT network. The LockBit ransomware group claims responsibility for the attack.,Ransomware,Human health and social work,Cyber Crime,US,Link
155,30/01/2024,,16/11/2023,?,Krystal BioTech,Krystal BioTech (Krystal) files a notice of data breach after discovering that an unauthorized party was able to access confidential information that had been entrusted to the company.,Unknown,"Professional, scientific and technical",Cyber Crime,US,Link
156,30/01/2024,,04/01/2024,?,Vail-Summit Orthopaedics & Neurosurgery,Vail-Summit Orthopaedics & Neurosurgery (VSON) files a notice of data breach after discovering that an unauthorized party attempted to infiltrate the company’s computer network.,Unknown,Human health and social work,Cyber Crime,US,Link
157,30/01/2024,,,,Bankers Life and Casualty Company,Bankers Life and Casualty Company files a notice of data breach after discovering that an unauthorized party was able to access personal information that had been entrusted to the company.,Unknown,Finance and insurance,Cyber Crime,US,Link
158,31/01/2024,,,?,Multiple organizations,"Ivanti warns of CVE-2024-21893, a vulnerability impacting Connect Secure, Policy Secure, and ZTA gateways, under active exploitation.",CVE-2024-21893 Vulnerability,Multiple Industries,N/A,N/A,Link
159,31/01/2024,,,?,Multiple organizations,"CISA warns that CVE-2022-48618, a patched kernel security flaw affecting Apple iPhones, Macs, TVs, and watches is now being actively exploited in attacks.",CVE-2022-48618 Vulnerability,Multiple Industries,N/A,N/A,Link
160,31/01/2024,Since 06/12/2024,,FBI,Volt Typhoon a.k.a. Bronze Silhouette,The FBI disrupts the KV-botnet used by Chinese Volt Typhoon state hackers to evade detection during attacks targeting U.S. critical infrastructure.,Account Takeover,Other service activities,N/A,CN,Link
161,31/01/2024,Between 20/01/2024 and 31/01/2024,Between 20/01/2024 and 31/01/2024,UAC-0027,Multiple organizations in Ukraine,"The Computer Emergency Response Team in Ukraine (CERT-UA) warns about a PurpleFox (a.k.a. 'DirtyMoe') malware campaign that has infected at least 2,000 computers in the country.",Malware,Multiple Industries,Cyber Crime,UA,Link
162,31/01/2024,From April 2022 to November 2023,Between April 2022 to November 2023,Pawn Storm (a.k.a. APT28 and Forest Blizzard),Multiple organizations,"Researchers from Trend Micro reveal that the Russian state-sponsored actors from Pawn Storm have staged NT LAN Manager (NTLM) v2 hash relay attacks through various methods from April 2022 to November 2023, targeting high-value targets worldwide.",NTLM v2 Hash Relay,Multiple Industries,Cyber Espionage,>1,Link
163,31/01/2024,30/01/2024,30/01/2024,?,Chris Larsen (Ripple's co-founder and executive),Threat actors steal around $112 million worth of the Ripple-focused cryptocurrency XRP from a crypto wallet belonging to the Ripple’s co-founder and executive chairman Chris Larsen.,Account Takeover,Fintech,Cyber Crime,US,Link
164,31/01/2024,,31/01/2024,Rhysida,Lurie Children’s Hospital,"Lurie Children’s Hospital suffers a network outage, later confirmed to be a ransomware attack by the Rhysida group demanding a $3.4M ransom.",Ransomware,Human health and social work,Cyber Crime,US,Link
165,31/01/2024,Since August 2022,Since August 2022,?,Multiple organizations,"Researchers from Palo Alto Networks discover a large-scale campaign called ApateWeb that uses a network of over 130,000 domains to deliver scareware, potentially unwanted programs (PUPs) and other scam pages.",Malware,Multiple Industries,Cyber Crime,>1,Link
166,31/01/2024,'Recently','Recently',?,Multiple organizations,"Researchers from Malwarebytes reveal the details of a Nitrogen campaign hosting their payloads on compromised WordPress sites, many of which are already hacked with malicious PHP shell scripts.",Malware,Multiple Industries,Cyber Crime,>1,Link
167,31/01/2024,27/01/2024,27/01/2024,IntelBroker,Nubank?,The IntelBroker group claims responsibility for a potential cyberattack on a popular (undisclosed) mobile banking app boasting over 10 million users. The threat actor posts details of the exploit on a hacker forum. Nu Bank might be the undisclosed target of the cyberattack.,Unknown Vulnerability,Finance and insurance,Cyber Crime,BR,Link
168,31/01/2024,,,?,Crescent Community Health Center,Crescent Community Health Center (CCHC) files a notice of data breach after discovering that information that had been provided to the company was subject to unauthorized access.,Account Takeover,Human health and social work,Cyber Crime,US,Link
169,31/01/2024,13/09/2023,31/01/2024,,Encore Bank,Encore Bank files a notice of data breach after discovering that an unauthorized party was able to gain access to an employee’s email account.,Account Takeover,Finance and insurance,Cyber Crime,US,Link
170,31/01/2024,'Recently','Recently',?,Emmanuel College,Emmanuel College files a notice of data breach after discovering that a cybersecurity incident affected the personal information of nearly 90k individuals.,Unknown,Education,Cyber Crime,US,Link
171,31/01/2024,04/02/2023,14/02/2023,?,National Board of Osteopathic Medical Examiners,The National Board of Osteopathic Medical Examiners (NBOME) files a notice of data breach after discovering that an unauthorized party was able to access the organization’s IT network.,Unknown,Human health and social work,Cyber Crime,US,Link
