ID,Date Reported,Date Occurred,Date Discovered,Author,Target,Description,Attack,Target Class,Attack Class,Country,Link
,01/05/2024,Since at least 27/07/2023,'Recently',?,Multiple organizations,Researchers from Lumen discover a new malware named 'Cuttlefish' infecting enterprise-grade and small office/home office (SOHO) routers to monitor data that passes through them and steal authentication information.,Malware,Multiple Industries,Cyber Crime,>1,Link
,01/05/2024,Since 2021,-,APT42 (a.k.a. Damselfly and UNC788),"Western and Middle Eastern NGOs, media organizations, academia, legal services and activists","Researchers from Mandiant reveal that the Iranian state-backed hacking outfit called APT42 is making use of enhanced social engineering schemes, posing as journalists and event organizers, to infiltrate target networks and cloud environments and using two new backdoors named NICECURL (aka BASICSTAR) and TAMECAT.",Targeted Attack,Multiple Industries,Cyber Espionage,>1,Link
,01/05/2024,-,-,Multiple threat actors,Undisclosed organization(s),"The U.S. Cybersecurity and Infrastructure Security Agency (CISA) adds CVE-2023-7028, a GitLab Community and Enterprise Editions improper access control vulnerability to its Known Exploited Vulnerabilities (KEV) catalog.",CVE-2023-7028 Vulnerability,Unknown,N/A,US,Link
,01/05/2024,SInce at least April 2024,During April 2024,?,Multiple organizations,"Researchers from Fortinet discover a never-before-seen botnet called Goldoon targeting D-Link routers with CVE-2015-2051, a nearly decade-old critical security flaw with the goal of using the compromised devices for further attacks.",CVE-2015-2051 Vulnerability,Multiple Industries,>1,>1,Link
,01/05/2024,Between 2016 and 2024,During 2024,Water Zmeu,Multiple organizations,"Researchers from Trend Micro reveal that the EdgeRouter botnet, called Moobot, used by the APT28 group is still active and is also used by a cyber criminal organization dubbed Water Zmeu.",Malware,Multiple Industries,Cyber Crime,>1,Link
,01/05/2024,Between 2016 and 2024,During 2024,Water Barghest,Multiple organizations,"Researchers from Trend Micro reveal that the EdgeRouter botnet, called Moobot, used by the APT28 group is still active and is also used by a cyber criminal organization dubbed Water Barghest.",Malware,Multiple Industries,Cyber Crime,>1,Link
,01/05/2024,'Recently','Recently',Threat actors from Russia,North American and European water treatment systems,"The Cybersecurity and Infrastructure Security Agency (CISA), Federal Bureau of Investigation (FBI), National Security Agency (NSA), Environmental Protection Agency (EPA), Department of Energy (DOE), United States Department of Agriculture (USDA), Food and Drug Administration (FDA), Multi-State Information Sharing and Analysis Center (MS-ISAC), Canadian Centre for Cyber Security (CCCS), and United Kingdom’s National Cyber Security Centre (NCSC-UK) warn North American and European water treatment systems operators to be wary of and take steps to prevent a surge of Russia-linked threat actors trying to break into their operational technology.",>1,"Water supply, waste mgmt, remediation",Hacktivism,>1,Link
,01/05/2024,Since 30/04/2024,30/04/2024,?,Multiple organizations,Researchers from Sentinel One discover a new variant of the Adload malware able to bypass detection by XProtect and other antivirus engines.,Malware,Multiple Industries,Cyber Crime,>1,Link
,01/05/2024,24/04/2024,24/04/2024,?,Dropbox,"Cloud storage firm Dropbox says threat actors breached production systems for its Dropbox Sign eSignature platform and gained access to authentication tokens, MFA keys, hashed passwords, and customer information.",Unknown,"Professional, scientific and technical",Cyber Crime,US,Link
,01/05/2024,30/04/2024,30/04/2024,?,Pike Finance,"Pike Finance suffers its second exploit in three days, resulting in the loss of $1.68 million worth of digital assets.",Vulnerability,Fintech,Cyber Crime,N/A,Link
,02/05/2024,Since 14/02/2024,Since 14/02/2024,"Russian-aligned groups NoName057, Anonymous Sudan, Russian Cyber Army Team, and Killnet",Multiple organizations in Sweden,Researchers from Netscout reveal that Sweden has faced a wave of distributed denial of service (DDoS) attacks since it started the process of joining NATO.,DDoS,Multiple Industries,Hacktivism,SE,Link
,02/05/2024,During 2024,During 2024,?,Multiple organizations,"Researchers from Sucuri discover a new Mal.Metrica redirect scam on compromised websites, compromising about 18,000 WordPress sites.",Malicious Script Injection,Multiple Industries,Cyber Crime,>1,Link
,02/05/2024,-,-,?,Home users,Researchers from Malwarebytes uncover a campaign using sponsored search results to target home users and take them to tech support scams.,SEO Poisoning,Individual,Cyber Crime,>1,Link
,02/05/2024,During the second half of April 2024,During the second half of April 2024,?,Multiple organizations,"Researchers from Check Point discover a new QR campaign, where threat actors are using custom templates specific to each organization, making every attack unique to the company and individual.",Account Takeover,Multiple Industries,Cyber Crime,>1,Link
,02/05/2024,-,-,"APT43 (a.k.a. Kimsuky, Emerald Sleet, Velvet Chollima, and Black Banshee)",Multiple organizations,"The FBI, the US Department of State and the National Security Agency (NSA) reveal that the North Korea-linked Kimsuky group is exploiting poorly configured DNS Domain-based Message Authentication, Reporting and Conformance (DMARC) protocols to pose as legitimate journalists, academics or other experts in East Asian affairs with credible links to North Korean policy circles.",Targeted Attack,Multiple Industries,Cyber Espionage,>1,Link
,02/05/2024,'Recently','Recently',?,Undisclosed organization in Ukraine,"Researchers from Symantec discover a novel malware they call ""BirdyClient,"" used against an organization in Ukraine. BirdyClient's purpose is to connect to the Graph API in order to upload and download files using OneDrive.",Targeted Attack,Unknown,Cyber Espionage,UA,Link
,02/05/2024,'Recently','Recently',?,Multiple organizations,Researchers from Ahnlab discover a new ViperSoftX variant using the OCR engine Tesseract to exfiltrate users’ image files. ViperSoftX is a malware strain responsible for residing on infected systems and executing the attackers’ commands or stealing cryptocurrency-related information.,Malware,Multiple Industries,Cyber Crime,>1,Link
,02/05/2024,-,09/04/2024,Akira,Shook Lin & Bok,The law firm Shook Lin & Bok is hit by an Akira ransomware attack.,Ransomware,"Professional, scientific and technical",Cyber Crime,SG,Link
,03/05/2024,Since the second half of 2023,Since the second half of 2023,Threat actors associated with Russia,Multiple organizations in Ukraine,Ukraine’s government reports an increase in financially motivated cyberattacks conducted by previously unidentified threat actors associated with Russia.,Malware,Multiple Industries,Cyber Crime,UA,Link
,03/05/2024,03/05/2024,03/05/2024,,Banking users in Finland,Finland's Transport and Communications Agency (Traficom) warns about an ongoing Android malware campaign attempting to breach online bank accounts via a fake McAfee protection app.,Malware,Finance and insurance,Cyber Crime,FI,Link
,03/05/2024,-,-,"APT28 (a.k.a. Fancy Bear, Strontium, Forest Blizzard)",Members of the German Social Democratic Party,The German Federal Ministry of the Interior and Community attributes a cyber campaign that targeted the members of the German Social Democratic Party to APT28.,CVE-2023-23397  Vulnerability,"Public admin and defence, social security",Cyber Espionage,DE,Link
,03/05/2024,Since 2023,Since 2023,"APT28 (a.k.a. Fancy Bear, Strontium, Forest Blizzard)",Critical infrastructure and organizations in Czechia,The Czech Republic government acknowledges that APT28 was behind attacks on its critical infrastructure and organizations using the Outlook zero-day that began in 2023.,CVE-2023-23397  Vulnerability,"Electricity, gas steam, air conditioning",Cyber Espionage,CZ,Link
,03/05/2024,Since 2023,Since 2023,"APT28 (a.k.a. Fancy Bear, Strontium, Forest Blizzard)",Multiple organizations in European countries including Ukraine,"After the announcements from Germany and Czechia, the NATO and the European Union condemn the cyber espionage operations carried out by the Russia-linked threat actor APT28 against multiple European countries including Ukraine.",CVE-2023-23397  Vulnerability,Multiple Industries,Cyber Espionage,>1,Link
,03/05/2024,Between 02/04/2024 and 27/04/2024,Between 02/04/2024 and 27/04/2024,?,Multiple organizations,"Researchers from WPScan observe an increase from threat actors scanning for and compromising WordPress sites vulnerable to CVE-2023-40000, targeting an outdated version of the LiteSpeed Cache plugin.",CVE-2023-40000 Vulnerability,Multiple Industries,Cyber Crime,>1,Link
,03/05/2024,Since 2019,Since 2019,Kinsing,Multiple organizations,"Researchers from Aqua Security reveal that the cryptojacking group known as Kinsing has demonstrated an ability to continuously evolve and adapt, integrating newly disclosed vulnerabilities to the exploit arsenal and expand its botnet.",Multiple vulnerabilities,Multiple Industries,Cyber Crime,>1,Link
,03/05/2024,02/05/2024,02/05/2024,?,Human Events,The conservative news website Human Events is also hacked and replaced with a page leaking private information.,Defacement,Information and communication,Cyber Crime,US,Link
,03/05/2024,-,-,?,Undisclosed crypto investor,An individual loses around $71 million worth of bitcoin in what appears to be an “address poisoning” attack. A week later the author of the attack returns the stolen bounty.,Address poisoning,Fintech,Cyber Crime,N/A,Link
,05/05/2024,-,-,?,Multiple organizations,"Researchers from Threatdown discover a campaign using malicious Google ad redirects to install the FakeBat loader, and eventually dropping zgRAT.",Malvertising,Multiple Industries,Cyber Crime,>1,Link
,06/05/2024,From March 2024 to April 2024.,From March 2024 to April 2024.,?,Multiple organizations,"Researchers from Zscaler discover a new variant of HijackLoader, a modular malware loader observed in 2023, with new evasion techniques, such as using a PNG image to deliver next-stage malware like Amadey and Racoon Stealer.",Malware,Multiple Industries,Cyber Crime,>1,Link
,06/05/2024,Since May 2023,Since May 2024,?,Multiple organizations,"Researchers from Wallarm discover a campaign targeting 90,000 WordPress sites via the CVE-2024-2876 SQLi vulnerability.",CVE-2024-2876 Vulnerability,Multiple Industries,Cyber Crime,>1,Link
,06/05/2024,Since at least January 2024,Since at least January 2024,Storm-0539,Retail organizations in the U.S.,"The FBI warns retail companies in the United States that Storm-0539, a financially motivated group has been targeting employees in their gift card departments in phishing attacks since at least January 2024.",Account Takeover,Wholesale and retail,Cyber Crime,US,Link
,06/05/2024,'Recently','Recently',?,Multiple organizations,"Researchers from Sysdig observe a new attack that leverages stolen cloud credentials in order to target ten cloud-hosted large language model (LLM) services, known as LLMjacking.",CVE-2021-3129 Vulnerability,Multiple Industries,Cyber Crime,>1,Link
,06/05/2024,06/05/2024,06/05/2024,"Scattered Spider (a.k.a. UNC3944, 0ktapus, Roasted Oktapus, Scatter Swine, Octo Tempest, Muddled Libra)",Over 30 companies in the finance and insurance industries,Researchers from Resilience discover a campaign carried out by the Scattered Spider group targeting over 30 companies in the finance and insurance industries.,Account Takeover,Finance and insurance,Cyber Crime,>1,Link
,06/05/2024,04/05/2024,04/05/2024,LockBit,City of Wichita,"The City of Wichita, Kansas, discloses it was forced to shut down portions of its network after suffering a weekend ransomware attack. The LockBit ransomware operation claims responsibility for the attack.",Ransomware,"Public admin and defence, social security",Cyber Crime,US,Link
,06/05/2024,01/05/2024,01/05/2024,?,Brandywine Realty Trust,Philadelphia-based real estate company Brandywine Realty Trust discloses to have fell victim to a ransomware attack that disrupted some of its business applications.,Ransomware,Real estate,Cyber Crime,US,Link
,06/05/2024,-,-,CiberInteligenciaSV,Undisclosed organizations in El Salvador,"Researchers from Resecurity identify a massive leak of the personally identifiable information (PII) of over five million citizens from El Salvador on the Dark Web, impacting more than 80% of the country’s population.",Unknown,Unknown,Cyber Crime,SV,Link
,07/05/2024,-,-,?,Minecraft players,Researchers from Fortinet discover a variant of the zEus stealer distributed via crafted Minecraft source pack.,Malware,"Arts entertainment, recreation",Cyber Crime,>1,Link
,07/05/2024,'In recent days','In recent days',?,UK Ministry of Defence,The UK Government confirmed today that a threat actor recently breached the country’s Ministry of Defence and gained access to part of the Armed Forces payment network.,Unknown,"Public admin and defence, social security",Cyber Crime,GB,Link
,07/05/2024,'Recently','Recently',?,DocGo,Mobile medical care firm DocGo confirms it suffered a cyberattack after threat actors breached its systems and stole patient health data.,Unknown,Human health and social work,Cyber Crime,US,Link
,07/05/2024,-,-,?,Multiple organizations,"Researchers from Juniper reveal that CVE-2023-46805 and CVE-2024-21887, two recently disclosed security flaws in Ivanti Connect Secure (ICS) devices are being exploited to deploy the infamous Mirai botnet.",CVE-2023-46805 and CVE-2024-21887 Vulnerabilities,Multiple Industries,Cyber Crime,>1,Link
,07/05/2024,07/05/2024,07/05/2024,Pro-Russia threat actors,"Kosovo government websites, including the websites of the president and prime minister","Pro-Russia threat actors target Kosovo government websites, including the websites of the president and prime minister, with DDoS attacks. The attacks are a retaliation for Kosovo’s support of Ukraine with military equipment.",DDoS,"Public admin and defence, social security",Hacktivism,XK,Link
,07/05/2024,-,-,CiberInteligenciaSV,Unknown organization in the Dominican Republic,"The threat actor CiberInteligenciaSV leaks the personally identifiable information (PII) of 820,000 individuals from the Dominican Republic with their COVID-19 vaccination statuses.",Unknown,Unknown,Cyber Crime,DO,Link
,07/05/2024,03/05/2024,03/05/2024,?,Coradix-Magnescan,"Coradix-Magnescan, a French company that provides medical radiological imaging, warns patients it is currently dealing with a cyberattack that risks “complicating” their appointments.",Unknown,"Professional, scientific and technical",Cyber Crime,FR,Link
,07/05/2024,07/05/2024,07/05/2024,NoName057(16),Several Italian Ministry websites,"The Pro-Russia Hacktivists of NoName057(16) take down several italian websites including the Ministry of Made in Italy, the Financial Police, and the Ministry of Infrastructure and Transport.",DDoS,"Public admin and defence, social security",Hacktivism,IT,Link
,08/05/2024,Since 2021,-,?,Individuals,"Researchers from Security Research Labs GmbH (SRLabs) reveal the details of BogusBazaar, a massive network of 75,000 fake online shops, tricking over 850,000 people in the US and Europe into making purchases, allowing the criminals to steal credit card information and attempt to process an estimated $50 million in fake orders.",Account Takeover,Individual,Cyber Crime,>1,Link
,08/05/2024,Early May 2024,Early May 2024,"APT28 (a.k.a. Fancy Bear, Strontium, Forest Blizzard)",Polish government institutions,"Poland’s computer emergency response team, CERT-PL, reveals that it had observed a large-scale malware campaign targeting Polish government institutions, likely carried out by the hacker group APT28, associated with Russia’s military intelligence agency, the GRU.",Malware,"Public admin and defence, social security",Cyber Espionage,PL,Link
,08/05/2024,During April 2024,During April 2024,?,Multiple organizations,Researchers from eSentire In identify a malicious activity related to a SocGholish infection initiated by a fake browser update. The fake update used obfuscated JavaScript to evade detection and establish a foothold in the environment.,Malware,Multiple Industries,Cyber Crime,>1,Link
,08/05/2024,28/10/2023,28/10/2023,?,Library of Congress,"The Library of Congress was targeted in a cyberattack that occurred in parallel with a high-profile intrusion into the United Kingdom’s British Library in late October, but the threat actors failed to access the U.S. library’s systems.",Ransomware,Education,Cyber Crime,US,Link
,08/05/2024,During April 2024,During April 2024,FIN7,Multiple organizations,Researchers from eSentire observe the financially motivated threat actor known as FIN7 leveraging malicious Google ads spoofing legitimate brands as a means to deliver MSIX installers that culminate in the deployment of NetSupport RAT.,Malware,Multiple Industries,Cyber Crime,>1,Link
,08/05/2024,-,-,IntelBroker,Zscaler,"Zscaler says that they discovered an exposed ""test environment"" that was taken offline for analysis after rumors circulated that a threat actor was selling access to the company's systems.",Misconfiguration,"Professional, scientific and technical",Cyber Crime,US,Link
,08/05/2024,18/04/2023,28/12/2023,?,WebTPA Employer Services,The WebTPA Employer Services (WebTPA) suffers a data breach impacting close to 2.5 million individuals.,Unknown,"Public admin and defence, social security",Cyber Crime,US,Link
,08/05/2024,-,29/04/2024,Menelik,Dell,Dell warns customers of a data breach after a threat actor claimed to have stolen information for approximately 49 million customers.,API Misconfiguration,Manufacturing,Cyber Crime,US,Link
,08/05/2024,'Recently','Recently',?,British Columbia,"The Government of British Columbia is investigating multiple ""cybersecurity incidents"" that have impacted the Canadian province's government networks.",Unknown,"Public admin and defence, social security",Cyber Crime,CA,Link
,08/05/2024,Since at least April 2024,During April 2024,Kimsuky,Activists in the North Korean human rights and anti-North Korea sectors In Japan and North Korea,Researchers from Genians discover a new social engineering attack employing fictitious Facebook accounts to targets via Messenger and deliver malware.,Malware,Individual,Cyber Espionage,JP KR,Link
,08/05/2024,During early 2024,End of April 2024,?,European Parliament,"The European Parliament discloses that an external recruitment application, dubbed PEOPLE, was breached in early 2024.",Unknown,Extraterritorial orgs and bodies,Cyber Crime,EU,Link
,08/05/2024,Since 2021,During late 2023 and early 2024,Storm-1364,Individuals in Israel,"Researchers from Recorded Future reveal the details of a complex influence campaign known as Emerald Divide, targeting Israel and believed to be conducted by Iranian-aligned actors and active since 2021.",Coordinated Inauthentic Behavior,Individual,Cyber Warfare,IL,Link
,08/05/2024,30/04/2024,-,?,Regional Cancer Center,"Details of at least 2 million patients with the Regional Cancer Center (RCC) are compromised, affecting 11 out of 14 servers and causing disruptions in many divisions, including the Radiation Department. The attackers demand a ransom.",Ransomware,Human health and social work,Cyber Crime,IN,Link
,09/05/2024,08/05/2024,08/05/2024,Black Basta,Ascension,"​Ascension, one of the largest private healthcare systems in the United States, takes some of its systems offline to investigate what it describes as a ""cyber security event"" confirmed to be a Black Basta ransomware attack.",Ransomware,Human health and social work,Cyber Crime,US,Link
,09/05/2024,-,-,Unknown threat actor(s),Undisclosed organization(s),"​Google releases a security update for the Chrome browser to fix CVE-2024-4671, the fifth zero-day vulnerability exploited in the wild since the start of the year.",CVE-2024-4671 Vulnerability,Unknown,N/A,N/A,Link
,09/05/2024,07/05/2024,07/05/2024,?,Multiple organizations,"Project management platform Monday.com removes its ""Share Update"" feature after threat actors abused it in phishing attacks.",Account Takeover,Multiple Industries,Cyber Crime,>1,Link
,09/05/2024,During Q1 2024,During Q1 2024,The Mask a.k.a. Careto,Multiple organizations in Central Africa and Latin America,"Researchers from Kaspersky reveal that 'The Mask', an advanced persistent threat (APT) group that has been missing in action for more than a decade has suddenly resurfaced in a cyber-espionage campaign targeting organizations in Latin America and Central Africa.",Targeted Attack,Multiple Industries,Cyber Espionage,>1,Link
,09/05/2024,Since at least early March 2024,Early March 2024,Russia,Western voters,"Researchers from Recorded Future discover “CopyCop”, a major new Russian disinformation campaign using generative AI (GenAI) to “plagiarize and weaponize” content from major news organizations, such as  Al-Jazeera, Fox News, the BBC, La Croix and TV5Monde, in a bid to influence Western voters.",Coordinated Inauthentic Behavior,Individual,Cyber Warfare,>1,Link
,09/05/2024,-,-,Unknown threat actor(s),Undisclosed organization(s),"The UK's NHS warns of the possibility that vulnerabilities in Arcserve Unified Data Protection (UDP) software (CVE-2024-0799, CVE-2024-0800, CVE-2024-0801) are being actively exploited.","CVE-2024-0799, CVE-2024-0800 andCVE-2024-0801 Vulnerabilities",Unknown,N/A,GB,Link
,09/05/2024,During August and November 2023,-,Kimsuky,Two South Korean cryptocurrency firms,Researchers from Kaspersky reveal that the North Korean threat actor tracked as Kimsuky has been observed deploying a previously undocumented Golang-based malware dubbed Durian as part of highly-targeted cyber attacks aimed at two South Korean cryptocurrency firms.,Targeted Attack,Fintech,Cyber Crime,KR,Link
,09/05/2024,09/05/2024,09/05/2024,IntelBroker and Sanggiero,Undisclosed contractor,The infamous IntelBroker threat actor claims to have breached a third-party contractor and stolen sensitive data belonging to two prominent banks in the United Kingdom: HSBC and Barclays.,Unknown,Finance and insurance,Cyber Crime,N/A,Link
,10/05/2024,10/05/2024,10/05/2024,?,Multiple organizations,"Researchers from Phylum identify a malicious Python package that purports to be an offshoot of the popular requests library, concealing a Golang-version of the Sliver command-and-control (C2) framework within a PNG image of the project's logo.",Malware,Multiple Industries,Cyber Crime,>1,Link
,10/05/2024,09/05/2024,09/05/2024,Threat actors aligned with Russia,Starlight Media.,"Russia-aligned threat actors hijack at least 15 TV channels owned by Starlight Media. to broadcast a Victory Day parade in Moscow, commemorating the defeat of Nazi Germany in World War II. The attack is carried out compromising the Astra communication satellites owned and operated by SES, a Luxembourg-based company",Unknown,Information and communication,Hacktivism,UA,Link
,10/05/2024,'Recently','Recently',Trinity,Multiple organizations,"Researchers at Cyble uncover a new ransomware variant called Trinity, which employs a double extortion strategy and has potential links to the previously identified Venus ransomware.",Ransomware,Multiple Industries,Cyber Crime,>1,Link
,10/05/2024,15/05/2023,During May 2023,?,Superior Air-Ground Ambulance Service,"Superior Air-Ground Ambulance Service, an Illinois-based air-ground ambulance company notifies more than 858,000 individuals that their sensitive information was compromised in a hacking incident that happened about a year ago.",Unknown,Human health and social work,Cyber Crime,US,Link
,11/05/2024,02/05/2024,02/05/2024,?,The Post Millennial,"Have I Been Pwned adds the information for 26,818,266 people whose data was leaked in a recent hack of The Post Millennial conservative news website.",Unknown,Information and communication,Cyber Crime,CA,Link
,11/05/2024,'Recently',06/09/2023,IntelBroker,Europol,"​Europol, the European Union's law enforcement agency, confirms that its Europol Platform for Experts (EPE) portal was breached and is now investigating the incident after the threat actor IntelBroker claimed they stole For Official Use Only (FOUO) documents containing classified data.",Account Takeover,Extraterritorial orgs and bodies,Cyber Crime,INT,Link
,11/05/2024,30/04/2024,30/04/2024,Embargo,Firstmac Limited,Firstmac Limited warns customers that it suffered a data breach a day after the new Embargo cyber-extortion group leaked over 500GB of data allegedly stolen from the firm.,Ransomware,Finance and insurance,Cyber Crime,AU,Link
,13/05/2024,'Recently','Recently',?,Multiple organizations,Researchers from G Data discover a campaign abusing GoTo Meeting to deploy the Remcos RAT.,Malware,Multiple Industries,Cyber Crime,>1,Link
,13/05/2024,11/05/2024,11/05/2024,Threat actors aligned with Russia,Newsquest Media Group,A group declaring itself to be “first-class Russian hackers” deface potentially hundreds of local and regional British newspaper websites belonging to Newsquest Media Group.,Defacement,Information and communication,Hacktivism,GB,Link
,13/05/2024,'Recently','Recently',"Mallox (a.k.a. Fargo, TargetCompany, Mawahelper)",Multiple organizations,"Researchers from Sekoia discover a brute-force campaign, aiming to deploy the Mallox ransomware via PureCrypter through several MS-SQL exploitation techniques.",Ransomware,Multiple Industries,Cyber Crime,>1,Link
,13/05/2024,Between 24/04/2024 and 30/04/2024,24/04/2024,LockBit Black,Organizations in various industry verticals worldwide.,Researchers from Proofpoint discover a campaign sending millions of phishing emails through the Phorpiex botnet to conduct a large-scale LockBit Black variant ransomware campaign.,Ransomware,Multiple Industries,Cyber Crime,>1,Link
,13/05/2024,-,-,Unknown threat actor(s),Undisclosed organization(s),"​Google releases a security update for the Chrome browser to fix CVE-2024-4761, the sixth zero-day vulnerability exploited in the wild since the start of the year.",CVE-2024-4761 Vulnerability,Unknown,N/A,N/A,Link
,13/05/2024,Between October 2020 and January 2024,-,?,Over 700 victims worldwide,"Researchers from Palo Alto Networks reveal the details of a campaign tracked as TrkCdn, which has targeted over 700 victims and has used 75 IP addresses resolving 658 domains, the attackers likely employ DNS tunneling to track victims’ interaction with malicious emails.",DNS tunneling,Multiple Industries,Cyber Crime,>1,Link
,13/05/2024,-,-,?,Multiple organizations,"Researchers from Palo Alto Networks reveal the details of a campaign tracked as SpamTracker, employing DNS tunneling to track spam delivery.",DNS tunneling,Multiple Industries,Cyber Crime,>1,Link
,13/05/2024,-,-,?,Multiple organizations,"Researchers from Palo Alto Networks reveal the details of a campaign tracked as SecShow, relying on DNS tunneling to scan networks for vulnerabilities, and then perform reflection attacks.",DNS tunneling,Multiple Industries,Cyber Crime,>1,Link
,13/05/2024,Since at least early March 2024,Early March 2024,?,Multiple organizations,Researchers from Rapid7 discover a ransomware operation targeting Windows system administrators by taking out Google ads to promote fake download sites for Putty and WinSCP.,Ransomware,Multiple Industries,Cyber Crime,>1,Link
,13/05/2024,-,30/04/2024,?,City of Helsinki,"The City of Helsinki discloses it is investigating a data breach in its education division, which it discovered in late April 2024, impacting tens of thousands of students, guardians, and personnel.",Vulnerability in a remote access server,"Public admin and defence, social security",Cyber Crime,FI,Link
,13/05/2024,-,-,Royal Tiger,Individuals in the U.S.,"The Federal Communications Commission (FCC) discovers its first officially designated robocall threat actor 'Royal Tiger,'",Robocalls,Individual,Cyber Crime,US,Link
,13/05/2024,13/05/2024,13/05/2024,RansomHub,Christie’s,A cyber-attack disrupts auction house Christie’s attempts to sell art and other high-value items worth an estimated $840m. The RansomHub ransomware group claims responsibility for the attack.,Ransomware,Other service activities,Cyber Crime,GB,Link
,13/05/2024,09/05/2024,09/05/2024,Threat actors aligned with Russia,Balticom,"Balticom, a Latvian television network, is also hijacked to air the Moscow parade",Unknown,Information and communication,Hacktivism,LT,Link
,14/05/2024,Since at least 01/04/2024,01/04/2024,?,Multiple organizations,"​Microsoft fixes CVE-2024-30051, a zero-day vulnerability exploited in attacks to deliver QakBot and other malware payloads on vulnerable Windows systems.",CVE-2024-30051 Vulnerability,Multiple Industries,Cyber Crime,>1,Link
,14/05/2024,-,-,?,Undisclosed organization(s),"​Microsoft fixes CVE-2024-30040, a zero-day vulnerability exploited in attacks.",CVE-2024-30040 Vulnerability,Unknown,N/A,N/A,Link
,14/05/2024,Since 2009,During 2015,?,Multiple organizations,"Researchers from ESET reveal that a malware botnet known as 'Ebury' has infected almost 400,000 Linux servers since 2009, with roughly 100,000 still compromised as of late 2023.",Malware,Multiple Industries,Cyber Crime,>1,Link
,14/05/2024,Since May 2023,During early May 2024,SideCopy,Indian Universities,"Researchers from Cyble uncover a new SideCopy campaign targeting university students in India through sophisticated infection chains involving malicious LNK files, HTAs, and loader DLLs disguised as legitimate documents, to deploy malware payloads such as Reverse RAT and Action RAT, granting attackers extensive control over infected devices.",Targeted Attack,Education,Cyber Espionage,IN,Link
,14/05/2024,Since at least 16/01/2024,Since at least 16/01/2024,?,Multiple organizations,"Researchers from Recorded Future reveal the details of GitCaught, a campaign carried out by Russian-speaking threat actors, abusing a legitimate GitHub profile to distribute information stealing malware such as Atomic macOS Stealer (AMOS), Vidar, Lumma, and Octo, by impersonating legitimate applications such as 1Password, Bartender 5, and Pixelmator Pro.",Malware,Multiple Industries,Cyber Crime,>1,Link
,14/05/2024,-,-,?,Instagram users,"Researchers from McAfee discover a scam on Instagram, exploiting the platform’s influencer program to deceive users.",Scam,Individual,Cyber Crime,>1,Link
,14/05/2024,05/04/2024,-,APT-C-35 a.k.a. DoNot Team.,Multiple organizations using FoxIT Reader,Researchers from Check Point reveal the details of a cyber espionage campaign leveraging an exploit targeting FoxIT reader.,Targeted Attack,Multiple Industries,Cyber Espionage,>1,Link
,14/05/2024,-,-,?,Multiple organizations using FoxIT Reader,"Researchers from Check Point reveal the details of a campaign leveraging an exploit targeting FoxIT Reader, and using Facebook to distribute the malicious payload (a miner).",Malware,Multiple Industries,Cyber Crime,>1,Link
,14/05/2024,-,-,?,Multiple organizations using FoxIT Reader,"Researchers from Check Point reveal the details of a campaign leveraging an exploit targeting FoxIT Reader, and using Discord to distribute the malicious payload (a Python Stealer).",Malware,Multiple Industries,Cyber Crime,>1,Link
,14/05/2024,-,-,?,Multiple organizations using FoxIT Reader,"Researchers from Check Point reveal the details of a campaign leveraging an exploit targeting FoxIT Reader, and using Trello to distribute the malicious payload (the Remcos RAT).",Malware,Multiple Industries,Cyber Crime,>1,Link
,14/05/2024,14/05/2024,14/05/2024,,Banco Santander,Banco Santander announces it suffered a data breach impacting customers after an unauthorized actor accessed a database hosted by one of its third-party service providers.,Unknown,Finance and insurance,Cyber Crime,ES,Link
,14/05/2024,20/01/2024,06/02/2024,?,Hypertension-Nephrology Associates,Hypertension-Nephrology Associates discloses a ransomware attack.,Ransomware,Human health and social work,Cyber Crime,US,Link
,15/05/2024,Since at least mid-April 2024,Since at least mid-April 2024,Storm-1811,Multiple organizations,Researchers from Microsoft and Rapid7 discover a campaign where financially motivated cybercriminals from Storm-1811 abuse the Windows Quick Assist feature and AnyDesk in social engineering attacks to deploy Black Basta ransomware payloads on victims' networks.,Ransomware,Multiple Industries,Cyber Crime,>1,Link
,15/05/2024,-,-,Unknown threat actor(s),Undisclosed organization(s),"​Google releases a new emergency Chrome security update to address CVE-2024-4947, the third zero-day vulnerability exploited in attacks within a week.",CVE-2024-4947 Vulnerability,Unknown,N/A,N/A,Link
,15/05/2024,-,-,?,Mets business accounts,Researchers from Cofense warn of a sophisticated phishing campaign targeting Meta business accounts.,Account Takeover,Multiple Industries,Cyber Crime,>1,Link
,15/05/2024,Since at least 2020,-,Turla a.k.a. Snake,Undisclosed European ministry of foreign affairs,"Researchers from ESET discover two previously unknown backdoors, named LunarWeb and LunarMail, compromising a European ministry of foreign affairs (MFA) and its diplomatic missions abroad.",Targeted Attack,"Public admin and defence, social security",Cyber Espionage,N/A,Link
,15/05/2024,During March 2024,During March 2024,?,Multiple organizations,Researchers from Abnormal Security observe a surge in Docusign phishing emails using fake templates and login credentials available in the underground marketplace.,Account Takeover,Multiple Industries,Cyber Crime,>1,Link
,15/05/2024,-,07/11/2023,?,Nissan North America,Nissan North America discloses a data breach last year when a threat actor targeted the company's external VPN and shut down systems to receive a ransom.,Ransomware,Manufacturing,Cyber Crime,US,Link
,15/05/2024,13/05/2024,13/05/2024,?,Sumo,Vulnerability,Unknown,"Electricity, gas steam, air conditioning",Cyber Crime,AU,Link
,15/05/2024,-,-,?,Sonne Finance,Decentralized lending protocol Sonne Finance suffers an exploit that results in the loss of about $20 million worth of cryptocurrency.,Vulnerability,Fintech,Cyber Crime,N/A,Link
,15/05/2024,Since early March 2024,Since early March 2024,?,Multiple organizations,"Researchers from Elastic observe a spike in email phishing campaigns delivering Latrodectus, a nascent malware loader believed to be the successor to the IcedID malware.",Malware,Multiple Industries,Cyber Crime,>1,Link
