ID,Date Reported,Date Occurred,Date Discovered,Author,Target,Description,Attack,Target Class,Attack Class,Country,Link
1,16/05/2024,During November 2023,During May 2024,?,MediSecure,The e-script provider MediSecure is hit with a ransomware attack. A subsequent analysis reveals that 12.9 million records were affected.,Ransomware,"Professional, scientific and technical",Cyber Crime,AU,Link
2,16/05/2024,06/05/2024,06/05/2024,,Android banking users,"Researchers from Cyble uncover a new Android banking malware dubbed Antidot, posing as a Google Play update application.",Malware,Finance and insurance,Cyber Crime,>1,Link
3,16/05/2024,During May 2024,During May 2024,UNK_SweetSpecter,Organizations in the United States involved in artificial intelligence efforts,"Researchers from Proofpoint identify a SugarGh0st RAT campaign allegedly orchestrated by Chinese threat actors, targeting organizations in the United States involved in artificial intelligence efforts, including those in academia, private industry, and government service.",Malware,"Professional, scientific and technical",Cyber Espionage,US,Link
4,16/05/2024,Since at least 10/01/2024,10/01/2024,Kimsuky a.k.a. Springtail,Organizations in South Korea,"Researchers from Symantec reveal the details of a campaign orchestrated by the North Korean group Kimsuki, using a new Linux malware called Gomir that is a version of the GoBear backdoor delivered via trojanized software installers.",Targeted Attack,Multiple Industries,Cyber Espionage,KR,Link
5,16/05/2024,During Q1 2024,During Q1 2024,?,Multiple organizations,"Researchers from HP reveal the details of a campaign leveraging open redirect vulnerabilities within reputable websites, often through compromised ad embeddings, to redirect users to malicious domains to distribute WikiLoader.",Malware,Multiple Industries,Cyber Crime,>1,Link
6,16/05/2024,During Q1 2024,During Q1 2024,?,Multiple organizations,Researchers from HP discover several campaigns abusing the Windows Background Intelligent Transfer Service (BITS) – a legitimate mechanism used by programmers and system administrators to download or upload files to web servers and file shares.,Malware,Multiple Industries,Cyber Crime,>1,Link
7,16/05/2024,During Q1 2024,During Q1 2024,?,Multiple organizations,Researchers from HP discover several campaigns where threat actors concealed malware within HTML files disguised as delivery invoices deploying open-source malware like AsyncRAT.,Malware,Multiple Industries,Cyber Crime,>1,Link
8,16/05/2024,During Q1 2024,During Q1 2024,?,Users in Italy,Researchers from HP identify the return of Ursnif as part of different malicious spam campaigns against users in Italy.,Malware,Multiple Industries,Cyber Crime,IT,Link
9,16/05/2024,01/03/2024,01/03/2024,,"Banking users in Mexico, Chile, Spain, Costa Rica, Peru, or Argentina","Researchers from IBM reveal that the prolific banking Trojan known as Grandoreiro, has resurfaced in several new campaigns with enhanced functionality designed to make it a more potent threat.",Malware,Finance and insurance,Cyber Crime,AR CL CR ES MX PE,Link
10,16/05/2024,-,-,Multiple threat actors,Unknown organization(s) in the U.S.,The U.S. Cybersecurity & Infrastructure Security Agency (CISA) adds the CVE-2024-4761 Google Chrome vulnerability to its 'Known Exploited Vulnerabilities' catalog.,CVE-2024-4761 Vulnerability,Unknown,N/A,US,Link
11,16/05/2024,-,-,Multiple threat actors,Unknown organization(s) in the U.S.,The U.S. Cybersecurity & Infrastructure Security Agency (CISA) adds the CVE-2014-100005 D-Link DIR-600 routers vulnerability to its 'Known Exploited Vulnerabilities' catalog.,CVE-2014-100005 Vulnerability,Unknown,N/A,US,Link
12,16/05/2024,-,-,Multiple threat actors,Unknown organization(s) in the U.S.,The U.S. Cybersecurity & Infrastructure Security Agency (CISA) adds the CVE-2021-40655 D-Link DIR-605 routers vulnerability to its 'Known Exploited Vulnerabilities' catalog.,CVE-2021-40655 Vulnerability,Unknown,N/A,US,Link
13,16/05/2024,Since at least 2021,-,?,"Over 30 organizations in Africa and the Middle East spanning government agencies, banks, IT companies, and educational institutions",Researchers from Positive Technologies reveal the details of a campaign where an unknown threat actor is exploiting known security flaws in Microsoft Exchange Server to deploy a keylogger malware in attacks targeting entities in Africa and the Middle East.,"ProxyShell vulnerabilities (CVE-2021-34473, CVE-2021-34523, CVE-2021-31207)",Multiple Industries,Cyber Espionage,>1,Link
14,16/05/2024,'Recently','Recently',"Andariel a.k.a. Nickel Hyatt, Onyx Sleet, and Silent Chollima","Educational institutes, manufacturing firms, and construction businesses in South Korea","Researchers from AhnLab observe the North Korea-linked threat actor known as Andariel using a new Golang-based backdoor called Dora RAT in its attacks targeting educational institutes, manufacturing firms, and construction businesses in South Korea.",Targeted Attack,Multiple Industries,Cyber Espionage,KR,Link
15,16/05/2024,Since mid-2023,-,?,Multiple organizations,"Researchers from Tenable reveal that that the Kinsing malware, which is known to target Linux-based cloud infrastructure, is exploiting Apache Tomcat servers using what it claims are ""new advanced stealth techniques"".",Malware,Multiple Industries,Cyber Crime,>1,Link
16,16/05/2024,'Recently','Recently',?,Individuals in South Korea,Researchers from AhnLab discover a campaign distributing the XWorm v5.6 malware disguised as adult games via webhards.,Malware,Multiple Industries,Cyber Crime,KR,Link
17,16/05/2024,-,-,?,American Radio Relay League,"The American Radio Relay League (ARRL) warns it suffered a cyberattack, which disrupted its IT systems and online operations, including email and the Logbook of the World.",Unknown,Information and communication,Cyber Crime,US,Link
18,16/05/2024,Early March 2024,Early March 2024,?,Multiple organizations,"Researchers from Elastic observe a spike in email phishing campaigns that delivers Latrodectus, a nascent malware loader believed to be the successor to the IcedID malware.",Malware,Multiple Industries,Cyber Crime,>1,Link
19,16/05/2024,-,-,?,Individuals in the U.S.,"CISA's senior adviser for telecommunications, Kevin Briggs, confirms to have seen multiple cases of Americans tracked via SS7 or Diameter.",SS7 and Diameter vulnerabilities,Individual,Cyber Espionage,US,Link
20,16/05/2024,16/05/2024,16/05/2024,?,Pump.fun,"Solana-based memecoin launchpad Pump.fun says that a former employee was behind an exploit that resulted in the misappropriation of approximately 12,300 SOL, valued at about $1.9 million.",Account Takeover,Fintech,Cyber Crime,N/A,Link
21,16/05/2024,22/11/2023,22/11/2023,?,Town of Myersville,The town of Myersville discloses to have suffered a ransomware attack.,Ransomware,"Public admin and defence, social security",Cyber Crime,US,Link
22,17/05/2024,04/09/2023,30/09/2023,Cactus,OmniVision,The California-based imaging sensors manufacturer OmniVision warns of a data breach after the company suffered a Cactus ransomware attack last year.,Ransomware,Manufacturing,Cyber Crime,US,Link
23,17/05/2024,30/04/2024,01/05/2024,?,El Centro Del Barrio (CentroMed),"San Antonio-based healthcare provider El Centro Del Barrio (which operates as CentroMed) is informing 400,000 patients that their personal and protected health information was compromised in a recent cyberattack.",Unknown,Human health and social work,Cyber Crime,US,Link
24,17/05/2024,-,-,?,Nottingham Rehab Supplies Healthcare,Multiple UK councils warned that citizens’ personal data may have been breached following a ransomware attack on a medical equipment supplier Nottingham Rehab Supplies (NRS) Healthcare.,Ransomware,Administration and support service,Cyber Crime,GB,Link
25,20/05/2024,Since October 2023,Since October 2023,"Void Manticore (a.k.a. Storm-842, Homeland Justice, Karma)",Organizations in Israel,"Researchers from Check Point reveal the details of Void Manticore, an Iranian threat actor affiliated with the Ministry of Intelligence and Security (MOIS) attributed as behind destructive wiping attacks targeting Israel (and Albania in the past) under the persona Karma",Malware,Multiple Industries,Hacktivism,IL,Link
26,20/05/2024,Early 2024,Early 2024,Akira,Undisclosed multinational agriculture company,"Researchers from S-RM reveal the details of an Akira ransomware incident where the attackers exploited a novel privilege escalation technique, infiltrating the victim’s virtual environment to steal the NTDS.dit file, a critical file containing domain user accounts and passwords stored on domain controllers.",Ransomware,Accommodation and food service,Cyber Crime,N/A,Link
27,20/05/2024,-,-,Unknown threat actor(s),Unknown organization(s) in the U.S.,The U.S. Cybersecurity & Infrastructure Security Agency (CISA) adds the CVE-2023-43208  NextGen Healthcare Mirth Connect vulnerability to its 'Known Exploited Vulnerabilities' catalog.,CVE-2023-43208 Vulnerability,Human health and social work,N/A,US,Link
28,20/05/2024,'Recently','Recently',?,Individuals in South Korea,Researchers from AhnLab discover a campaign distributing the XMRig CoinMiner through a game emulator for a popular console.,Malware,Individual,Cyber Crime,KR,Link
29,20/05/2024,10/05/2024,10/05/2024,LockBit 3.0,University of Siena,The University of Siena is hit with a LockBit ransomware attack.,Ransomware,Education,Cyber Crime,IT,Link
30,20/05/2024,20/05/2024,20/05/2024,?,Gala Games,An attacker steals more than $206 million and returns $22 million worth of cryptocurrency the day after from Gala Games.,Unknown,Fintech,Cyber Crime,US,Link
31,20/05/2024,-,-,Black Basta,Atlas,"The Back Basta extortion group claims to have breached Atlas, one of the largest national distributors of fuel in the United States.",Ransomware,"Electricity, gas steam, air conditioning",Cyber Crime,US,Link
32,20/05/2024,-,-,Turla a.k.a. Snake,Individuals and entities in the Philippines,Researchers from Cyble reveal that the Russia-linked APT Turla has been abusing PDF and MSBuild project files in a campaign that uses socially engineered emails to deliver the TinyTurla backdoor as a fileless payload.,Targeted Attack,Multiple Industries,Cyber Espionage,PH,Link
33,20/05/2024,13/04/2023,-,?,Shore Regional High School District,Shore Regional High School District discloses a security incident occurred more than one year ago.,Unknown,Education,Cyber Crime,US,Link
34,21/05/2024,06/05/2024,Since at least 06/05/2024,REF4578,Multiple organizations,"Researchers at Elastic Security Labs and Antiy reveal the details of a malicious crypto mining campaign codenamed 'REF4578,' deploying a malicious payload named GhostEngine that uses vulnerable drivers to turn off security products and deploy an XMRig miner.",Malware,Multiple Industries,Cyber Crime,>1,Link
35,21/05/2024,-,-,?,Multiple organizations,"Researchers from Securonix discover a new sophisticated infection chain, dubbed CLOUD#REVERSER, which leverages popular cloud storage services like Google Drive and Dropbox to orchestrate the threat actor’s malicious operations.",Malware,Multiple Industries,Cyber Crime,>1,Link
36,21/05/2024,Since 2023,Since 2023,Multiple threat actors,General election in India,"Researchers from Resecurity identify a spike of malicious cyber activity targeting the election in India, which is supported by multiple independent hacktivist groups.",>1,Multiple Industries,Hacktivism,IN,Link
37,21/05/2024,Over recent months',Over recent months',Ikaruz Red Team Turk Hack Team Anka Underground (a.k.a. Anka Red Team),Mutiple organizations in the Philippines,"Researchers from Sentinel One observed multiple group of threat actors driven by hacktivism, launching attacks against Philippine targets and hijack branding and imagery belonging to the government’s Computer Emergency Response Program (CERT-PH).",Ransomware,Multiple Industries,Hacktivism,PH,Link
38,21/05/2024,'For several months',-,"APT41 a.k.a. Amoeba, BARIUM, BRONZE ATLAS, BRONZE EXPORT, Blackfly, Brass Typhoon, Earth Baku, G0044, G0096, Grayfly, HOODOO, LEAD, Red Kelpie, TA415, WICKED PANDA, WICKED SPIDER",Multiple organizations in Italy,Researchers from Tinexta uncovered a campaign by the Chinese threat actor APT41 using the KeyPlug backdoor against a variety of Italian industries.,Targeted Attack,Multiple Industries,Cyber Espionage,IT,Link
39,21/05/2024,Mid-may 2024,Mid-may 2024,?,Individuals,"Researchers from Threatdown discover a Google Ads malvertising campaign, coinciding with the launch of the Arc web browser for Windows, and tricking people into downloading trojanized installers that infect them with malware payloads.",Malvertising,Individual,Cyber Crime,>1,Link
40,21/05/2024,17/05/2023,During January 2024,?,Western Sydney University,Western Sydney University (WSU) notifies students and academic staff about a data breach after threat actors breached its Microsoft 365 and Sharepoint environment.,Account Takeover,Education,Cyber Crime,AU,Link
41,21/05/2024,Since May 2022,-,Threat actors aligned with Russia,Audiences in Multiple countries,Researchers from Sekoia discover a new DoppelGänger campaign dubbed Operation Matriochka aimed at challenging the credibility of journalists and fact-checkers since May 2022.,Coordinated Inauthentic Behavior,Individual,Cyber Warfare,CH FR GB DE IT LT SK UA US,Link
42,21/05/2024,-,-,?,Patriot Mobile,"U.S. cell carrier Patriot Mobile experiences a data breach that included subscribers’ personal information, including full names, email addresses, home ZIP codes and account PINs.",Unknown,Information and communication,Cyber Crime,US,Link
43,22/05/2024,-,-,?,At least three Wyndham hotels across the United States,"pcTattletale, a consumer-grade spyware app is found running on the check-in systems of at least three Wyndham hotels across the United States.",Malware,Accommodation and food service,Cyber Crime,US,Link
44,22/05/2024,Since 2018,'Recently',"Unfading Sea Haze, overlapping with APT41",Military and government entities in the South China Sea,"Researchers from BitDefender reveal the details of a previously unknown Chinese threat actor dubbed ""Unfading Sea Haze"", targeting military and government entities in the South China Sea region since 2018, remaining undetected all  this time.",Targeted Attack,"Public admin and defence, social security",Cyber Espionage,>1,Link
45,22/05/2024,From late 2023 to April 2024,From late 2023 to April 2024,"APT36 a.k.a. Transparent Tribe, ProjectM, Mythic Leopard, Earth Karkaddan","Government, defense and aerospace sectors of India","Researchers from BlackBerry discover the Pakistani-based advanced persistent threat group Transparent Tribe (APT36) targeting the government, defense and aerospace sectors of India via a Linux exfiltration tool.",Targeted Attack,"Public admin and defence, social security",Cyber Espionage,IN,Link
46,22/05/2024,-,-,Multiple threat actors including APT5 and APT15,Multiple organizations,"Researchers from Mandiant discover 'ORB3 / SPACEHOP', an operational relay box (ORBs) network used by multiple Chinese advanced persistent threats for network reconnaissance scanning and vulnerability exploitation.",>1,Multiple Industries,Cyber Espionage,>1,Link
47,22/05/2024,-,-,Multiple threat actors including APT31 and Zirconium,Multiple organizations,"Researchers from Mandiant discover 'ORB2 FLORAHOX', an operational relay box (ORBs) network used by multiple Chinese advanced persistent threats for cyber espionage operations.",>1,Multiple Industries,Cyber Espionage,>1,Link
48,22/05/2024,Since at least 20/05/2024,20/05/2024,UAC-0006,Multiple organizations in Ukraine,"The Computer Emergency Response Team of Ukraine (CERT-UA) warns of a sharp increase in cyberattacks, associated with the financially-motivated threat actor UAC-0006, with at least two massive campaigns with emails containing the SmokeLoader malware.",Malware,Multiple Industries,Cyber Crime,UA,Link
49,22/05/2024,'Over the past three months','Over the past three months',?,Multiple organizations,Researchers from QiAnXin reveal that the threat actors behind the CatDDoS malware botnet have exploited over 80 known security flaws in various software over the past three months to infiltrate vulnerable devices and co-opt them into a botnet for conducting DDoS attacks.,DDoS,Multiple Industries,Cyber Crime,>1,Link
50,22/05/2024,Since at least 11/05/2024,11/05/2024,?,Multiple organizations,"Researchers from Sucuri reveal that unknown threat actors are abusing Dessky Snippets, a lesser-known code snippet plugin for WordPress to insert malicious PHP code in victim sites that are capable of harvesting credit card data.",Malicious script injection,Multiple Industries,Cyber Crime,>1,Link
51,22/05/2024,13/05/2024,13/05/2024,INC,First Nations Health Authority,First Nations Health Authority (FNHA) discloses to have suffered a cyber attack. The INC ransomware gang claims responsibility for the attack.,Ransomware,Human health and social work,Cyber Crime,CA,Link
52,23/05/2024,Since at least late 2022,-,Chinese threat actor,"Governmental entities in the Middle East, Africa, and Asia","Researchers from Palo Alto Networks reveal the details of Operation Diplomatic Specter, a campaign by a Chinese threat actor targeting political entities in the Middle East, Africa and Asia since at least late 2022.",ProxyLogon CVE-2021-26855 and ProxyShell CVE-2021-34473 vulnerabilities,"Public admin and defence, social security",Cyber Espionage,>1,Link
53,23/05/2024,Since at least 10/05/2024,10/05/2024,?,Multiple courtrooms,"Researchers from Rapid7 discover that version 8.3.7 of JAVS Viewer, a popular recording software used widely in courtrooms, jails and prisons, has been compromised to gain full control of a system through a backdoor.",CVE-2024-4978 Vulnerability,"Public admin and defence, social security",Cyber Crime,US,Link
54,23/05/2024,-,-,Unknown threat actor(s),Unknown organization(s),"Google releases a new emergency security update to address CVE-2024-5274, the eighth zero-day vulnerability in Chrome browser confirmed to be actively exploited in the wild, a high-severity 'type confusion' in V8, Chrome's JavaScript engine responsible for executing JS code.",CVE-2024-5274 Vulnerability,Unknown,N/A,N/A,Link
55,23/05/2024,-,-,Unknown threat actor(s),Unknown organization(s) in the U.S.,The U.S. Cybersecurity & Infrastructure Security Agency (CISA) adds the CVE-2020-17519 Apache Flink vulnerability to its 'Known Exploited Vulnerabilities' catalog.,CVE-2020-17519 Vulnerability,Unknown,N/A,US,Link
56,23/05/2024,Since late 2021,Between March and May 2024,Atlas Lion a.k.a. Storm-0539,Retail organizations in the U.S.,"Researchers from Microsoft reveal the details of a Morocco-based cybercriminal operation, breaching the systems of large retailers in order to fraudulently issue gift card codes to themselves.",Malware,Wholesale and retail,Cyber Crime,US,Link
57,23/05/2024,'In recent months','In recent months',Sharp Dragon (formerly known as Sharp Panda),Governmental organizations in Africa and the Caribbean,Researchers from Check Point reveal that the China-linked threat actor known as Sharp Dragon (formerly known as Sharp Panda) has expanded their targeting to include governmental organizations in Africa and the Caribbean as part of an ongoing cyber espionage campaign.,Targeted Attack,"Public admin and defence, social security",Cyber Espionage,>1,Link
58,23/05/2024,Mid-may 2024,Mid-may 2024,?,Government departments in APAC,Researchers from Forcepoint observe a significant number of phishing email instances targeting various government departments in APAC that masquerade as PDF viewer login pages.,Account Takeover,"Public admin and defence, social security",Cyber Crime,>1,Link
59,23/05/2024,'Recently','Recently',?,Multiple organizations,"Researchers from Enea reveal a series of criminal campaigns exploiting cloud storage services such as Amazon S3, Google Cloud Storage, Backblaze B2 and IBM Cloud Object Storage.",Account Takeover,Multiple Industries,Cyber Crime,>1,Link
60,23/05/2024,Mid-april 2024,Mid-april 2024,?,Multiple organizations,Researchers from Trellix discover multiple fake AV sites used to distribute info-stealers.,Malware,Multiple Industries,Cyber Crime,>1,Link
61,23/05/2024,23/05/2024,23/05/2024,UAC-0188,European and US financial organizations,Ukraine's CSIRT-NBU and CERT-UA reveal that threat actors from UAC-0188 are utilizing code from a Python clone of Microsoft's venerable Minesweeper game to hide malicious scripts in attacks on European and US financial organizations.,Malware,Finance and insurance,Cyber Crime,EU US,Link
62,23/05/2024,09/05/2024,09/05/2024,?,Multiple organizations,Researchers from Datadog discover some malicious PyPI packages targeting highly specific MacOS machines,Malware,Multiple Industries,Cyber Crime,>1,Link
63,23/05/2024,'Over the past 30 days','Over the past 30 days',?,"Organizations in Asia, North America, and Southern Europe","Researchers from Netskope discover multiple phishing campaigns that abuse Cloudflare Workers to serve phishing sites that are used to harvest users' credentials associated with Microsoft, Gmail, Yahoo!, and cPanel Webmail.",Account Takeover,Multiple Industries,Cyber Crime,>1,Link
64,23/05/2024,01/05/2024,01/05/2024,RansomHub,Matadero de Gijón,The Matadero de Gijón is hit with a RansomHub ransomware attack.,Ransomware,Accommodation and food service,Cyber Crime,ES,Link
65,23/05/2024,'Recently','Recently',?,Multiple organizations,"Researchers from AhnLab  discover a campaign distributing phishing files (HTML) via emails, and prompting users to directly paste (CTRL+V) and run the commands to deliver the DarkGate malware.",Malware,Multiple Industries,Cyber Crime,>1,Link
66,23/05/2024,'Recently','Recently',ShrinkLocker,Undisclosed organization,Researchers from Kaspersky discover a new ransomware strain called ShrinkLocker creating a new boot partition to encrypt corporate systems using Windows BitLocker.,Ransomware,Unknown,Cyber Crime,N/A,Link
67,23/05/2024,SInce at least 2021,During late November 2023,HellHounds,Organizations in Russia,"Researchers from Positive Technologies reveal the details of Operation Lahat, a campaign attributed it to an APT group called HellHounds, and targeting Russian organizations carried out with a Windows version of a malware called Decoy Dog.",Targeted Attack,Multiple Industries,Cyber Espionage,RU,Link
68,23/05/2024,Early May 2024,Early May 2024,?,AddComm,Dutch bank ABN Amro says client data may have been compromised in a ransomware attack at third-party services provider AddComm.,Ransomware,Information and communication,Cyber Crime,NL,Link
69,23/05/2024,24/09/2023,23/09/2023,?,Association of California School Administrators,"The Association of California School Administrators (ACSA) informs nearly 55,000 individuals that their information may have been compromised as a result of a ransomware attack.",Ransomware,Education,Cyber Crime,US,Link
70,23/05/2024,04/05/2024,-,RansomHouse,United Urology Group,The RansomHouse threat actors claim to have encrypted the system of United Urology Group and exfiltrated about 300 GB of files.,Ransomware,Human health and social work,Cyber Crime,US,Link
71,23/05/2024,07/05/2024,07/05/2024,?,Mālama I Ke Ola Health Center,The Mālama I Ke Ola Health Center discloses to have suffered a cyberattack,Unknown,Human health and social work,Cyber Crime,US,Link
72,23/05/2024,-,-,?,South African Department of Justice and Constitutional Development,The South African Department of Justice and Constitutional Development (DJ&CD) suffers a cyber security incident affecting child maintenance payments.,Unknown,"Public admin and defence, social security",Cyber Crime,ZA,Link
73,24/05/2024,03/10/2023,-,?,Sav-Rx,"Prescription management company Sav-Rx warns over 2.8 million people in the United States that it suffered a data breach, stating that their personal data was stolen in a 2023 cyberattack.",Unknown,"Professional, scientific and technical",Cyber Crime,US,Link
74,24/05/2024,-,-,?,pcTattletale,"​​A threat actor defaces the website of the pcTattletale spyware application, found on the booking systems of several Wyndham hotels in the United States, and leaks over a dozen archives containing database and source code data.",Defacement,"Professional, scientific and technical",Cyber Crime,US,Link
75,24/05/2024,24/05/2024,24/05/2024,?,Albany County,"Officials in Albany County, New York’s state capital region, say they are investigating a cyberattack ahead of the Memorial Day weekend.",Unknown,"Public admin and defence, social security",Cyber Crime,US,Link
76,24/05/2024,Mid-may 2024,-,RansomHub,American Clinical Solutions,"American Clinical Solutions is hit with a RansomHub ransomware attack, leading to the possible exfiltration of a total of over 700GB of data with over 35GB pertaining to more than 400,000 medical records.",Ransomware,Human health and social work,Cyber Crime,US,Link
77,27/05/2024,-,-,Multiple threat actors,Unknown organization(s),"The Cyber Security Agency of Singapore (SingCERT) issues a critical alert concerning vulnerabilities in several WordPress plugins, and warning that one of those, CVE-2024-2771, targeting the Fluent Forms Contact Form plugin, is currently exploited by attackers.",CVE-2024-2771 Vulnerability,Multiple Industries,Cyber Crime,SG,Link
78,27/05/2024,Since at least 24/05/2024,30/04/2024,Multiple threat actors,Multiple organizations,"Check Point reveals that threat actors have been exploiting CVE-2024-24919, a high-severity Check Point Remote Access VPN zero-day, stealing Active Directory data needed to move laterally through the victims' networks in successful attacks.",CVE-2024-24919 Vulnerability,Multiple Industries,N/A,>1,Link
79,27/05/2024,27/05/2024,27/05/2024,,Android banking users,Researchers from Zscaler report that the Anatsa malware has returned to Android's official app store and is now distributed via two decoy applications: 'PDF Reader & File Manager' and 'QR Reader & File Manager.',Malware,Finance and insurance,Cyber Crime,>1,Link
80,27/05/2024,-,-,?,Muslims embarking on the Hajj pilgrimage,Researchers from Resecurity warn about the growing number of scams targeting muslims embarking on the Hajj pilgrimage to Mecca.,Scam,Individual,Cyber Crime,>1,Link
81,27/05/2024,25/05/2024,25/05/2024,?,Seattle Public Library,The Seattle Public Library is hit with a ransomware attack.,Ransomware,Education,Cyber Crime,US,Link
82,27/05/2024,-,-,Head Mare,CDEK,"Head Mare, a little-known group, claims responsibility for an attack that has disrupted service for days at CDEK, one of Russia’s largest delivery companies.",Ransomware,Transportation and storage,Cyber Crime,RU,Link
83,28/05/2024,Since at least early August 2023,Since at least early August 2023,Moonstone Sleet (previously tracked as Storm-1789),Multiple organizations,"Researchers from Microsoft reveal the details of a new North Korean threat actor, dubbed Moonstone Sleet, linked to FakePenny ransomware attacks.",Ransomware,Multiple Industries,Cyber Crime,>1,Link
84,28/05/2024,'Over the past month','Over the past month',"Multiple threat actors, including Winnti and DarkMosquito",Multiple organizations,Researchers from QiAnXin reveal that threat actors are abusing the Kiteshield packer to target Linux systems.,Malware,Multiple Industries,>1,>1,Link
85,28/05/2024,01/05/2024,01/05/2024,,Banking users in Brazil,Researchers at HarfangLab and Cisco discover a malicious campaign delivering a payload named “AllaSenha” aimed at stealing credentials of Brazilian bank accounts.,Malware,Finance and insurance,Cyber Crime,BR,Link
86,28/05/2024,During April 2024,During April 2024,BlackSuit,Undisclosed organization,Researchers from Reliaquest reveal the details of a BlackSuit ransomware attack targeting an undisclosed organization.,Ransomware,Unknown,Cyber Crime,N/A,Link
87,28/05/2024,26/05/2024,26/05/2024,?,Internet Archive,The Internet Archive is hit with a prolonged DDoS attack.,DDoS,Information and communication,Cyber Crime,US,Link
88,28/05/2024,Since 15/04/2024,Since 15/04/2024,?,Multiple organizations,Okta warns of credential stuffing attacks targeting its Cross-Origin Authentication feature.,Credential stuffing,Multiple Industries,Cyber Crime,>1,Link
89,28/05/2024,Since March 2024,Since March 2024,?,Targets in the gaming community,"Researchers from Sysdig discover 'Rebirth' a botnet based on Mirai, and targeting the gaming community.",DDoS,"Arts entertainment, recreation",Cyber Crime,>1,Link
90,28/05/2024,-,-,?,Bring Me the Horizon hidden web site,Someone hacks the Bring Me the Horizon hidden web site in an attempt to get ahead in the game.,Unknown,"Arts entertainment, recreation",Cyber Crime,US,Link
91,28/05/2024,During March 2024,-,?,Telefónica,Telefónica investigates the claims of a possible cyberattack occurred in March that allowed criminals to access more than 2 million records of clients and collaborators of the company.,Unknown,Information and communication,Cyber Crime,ES,Link
92,28/05/2024,23/02/2024,28/02/2024,?,Greater Amsterdam School District,The Greater Amsterdam School District discloses that a data breach potentially led to the unauthorized access of protected student information.,Unknown,Education,Cyber Crime,US,Link
93,29/05/2024,Since at least January 2024,Since at least January 2024,?,Mutiple organizations,Researchers from Proofpoint discover a malicious email campaign leveraging piano-themed messages to perpetrate advance fee fraud (AFF) scams.,Scam,Multiple Industries,Cyber Crime,>1,Link
94,29/05/2024,'Over the last six months','Over the last six months',Multiple threat actors,Organizations in the U.S.,"Researchers at Bitdefender discover a surge in malware and phishing attacks on Discord, noting 50,000 malicious links in the last six months, with US users being the most targeted.",Malware,Multiple Industries,Cyber Crime,US,Link
95,29/05/2024,28/05/2024,28/05/2024,?,Multiple organizations,"Researchers from Sonatype uncover “pytoileur,” a malicious package on the Python Package Index (PyPI) posing as an “API Management tool written in Python,” able to download and installs trojanized Windows binaries.",Malware,Multiple Industries,Cyber Crime,>1,Link
96,29/05/2024,Since at least 11/01/2024,Since at least 11/01/2024,?,macOS users,Researchers from ThreatFabric discover a macOS version of the LightSpy spyware.,Malware,Individual,Cyber Espionage,>1,Link
97,29/05/2024,Since at least 11/03/2024,-,?,Multiple organizations,Researchers from Fastly observe attempts to exploit the CVE-2024-2194 WP Statistics WordPress plugin vulnerability.,CVE-2023-6961 Vulnerability,Multiple Industries,Cyber Crime,>1,Link
98,29/05/2024,Since at least 16/04/2024,-,?,Multiple organizations,Researchers from Fastly observe attempts to exploit the CVE-2023-6961 WP Meta SEO WordPress plugin vulnerability.,CVE-2024-2194 Vulnerability,Multiple Industries,Cyber Crime,>1,Link
99,29/05/2024,Since at least May 2024,During May 2024,?,Multiple organizations,Researchers from eSentire reveal that fake web browser updates are being used to deliver remote access trojans (RATs) and information stealer malware such as BitRAT and Lumma Stealer (aka LummaC2).,Malware,Multiple Industries,Cyber Crime,>1,Link
100,29/05/2024,28/05/2024,18/05/2024,Ghostr,Cooler Master,"Computer hardware manufacturer Cooler Master suffers a data breach after a threat actor breached the company's website and claimed to steal the Fanzone member information of 500,000 customers.",Unknown,Manufacturing,Cyber Crime,TW,Link
101,29/05/2024,21/05/2024,-,?,BBC,"The BBC discloses a data security incident that occurred on May 21, involving unauthorized access to files hosted on a cloud-based service, compromising the personal information of BBC Pension Scheme members.",Unknown,Information and communication,Cyber Crime,GB,Link
102,29/05/2024,07/05/2024,-,?,Iberdrola,"Spanish multinational electrical utility Iberdrola says a cyber incident to a supplier in the beginning of May resulted in a data breach involving 850,000 Spanish customers.",Unknown,"Electricity, gas steam, air conditioning",Cyber Crime,ES,Link
103,30/05/2024,-,-,Water Sigbin (a.k.a. 8220 Gang),Multiple organizations,Researchers from Trend Micro uncover a campaign by the Water Sigbin (aka 8220 Gang) threat actor exploiting vulnerabilities in the Oracle WebLogic Server (CVE-2017-3506 and CVE-2023-21839) to deploy the XMRig cryptocurrency miner on compromised systems.,CVE-2017-3506 and CVE-2023-21839 vulnerabilities,Multiple Industries,Cyber Crime,>1,Link
104,30/05/2024,-,-,Multiple threat actors,Unknown organization(s) in the U.S.,The U.S. Cybersecurity & Infrastructure Security Agency (CISA) adds the CVE-2024-1086 Linux Kernel Use-After-Free vulnerability to its 'Known Exploited Vulnerabilities' catalog.,CVE-2024-1086 Vulnerability,Unknown,N/A,US,Link
105,30/05/2024,Between 25/10/2023 and 27/10/2023,Between 25/10/2023 and 27/10/2023,?,Undisclosed Internet Service Provider,"Researchers from Lumen Technologies reveal the details of 'Pumpkin Eclipse', an event where unknown attackers broke into more than 600,000 routers belonging to a single ISP and deployed malware (a commodity malware dubbed Chalubo) on the devices before totally disabling them.",Malware,Information and communication,Cyber Crime,N/A,Link
106,30/05/2024,18/04/2024,18/04/2024,FlyingYeti (overlapping with UAC-0149),Individuals in Ukraine,"Researchers from Cloudflare discover a campaign carried out by a Russian threat actor dubbed FlyingYeti, targeting individuals in Ukraine.",Targeted Attack,Individual,Cyber Espionage,UA,Link
107,30/05/2024,-,-,?,Multiple organizations in South Korea,"Researchers at AhnLab discover a campaign in South Korea, distributing a malware cocktail (remote access trojans, cryptocurrency miners, malware downloaders, proxy tools, and anti-AV programs) through cracked versions of Microsoft Office.",Malware,Multiple Industries,Cyber Crime,KR,Link
108,30/05/2024,From early April 2024 through the beginning of May 2024,from early April 2024 through the beginning of May 2024,?,Multiple organizations,Researchers from Akamai discover a RedTail cryptomining malware campaign where threat actors are exploiting the CVE-2024-3400 Palo Alto Networks vulnerability.,Malware,Multiple Industries,Cyber Crime,>1,Link
109,30/05/2024,-,-,Russian threat actors,English and Russian-speaking individuals,"Researchers from OpenAI reveal to have taken down a campaign dubbed Bad Grammar carried out by a Russian threat actor, and using artificial intelligence to post political comments in English and Russian on Telegram.",Coordinated Inauthentic Behavior,Individual,Cyber Warfare,>1,Link
110,30/05/2024,-,-,Russian threat actors,Audiences in Europe and North America,Researchers from OpenAI reveal to have taken down a four clusters of social media accounts using OpenAI models linked to people acting on behalf of the Russian influence operation known as “Doppelganger”.,Coordinated Inauthentic Behavior,Individual,Cyber Warfare,>1,Link
111,30/05/2024,-,-,Chinese threat actors,"Global audiences, especially members of the Chinese diaspora and critics of the Chinese government.",Researchers from OpenAI reveal to have taken down a small number of social accounts associated with the China-origin operation known as “Spamouflage”.,Coordinated Inauthentic Behavior,Individual,Cyber Warfare,>1,Link
112,30/05/2024,-,-,Iranian threat actors,English and French-speaking individuals,"Researchers from OpenAI reveal to have taken down a small number of social accounts linked to people associated with the International Union of Virtual Media (IUVM), an Iranian entity targeting global audiences and focused on content generation in English and French.",Coordinated Inauthentic Behavior,Individual,Cyber Warfare,>1,Link
113,30/05/2024,-,-,Israeli threat actors,"Audiences in Canada, the United States and Israel","Researchers from OpenAI reveal to have taken down 'Zero Zeno', a cluster of accounts operated from Israel used to generate and edit content for an influence operation that spanned X, Facebook, Instagram, and YouTube, and generated by STOIC, a political campaign management firm in Israel.",Coordinated Inauthentic Behavior,Individual,Cyber Warfare,CA IL US,Link
114,30/05/2024,-,-,?,Individuals,"Researchers from Human Security discover two ad fraud rings dubbed collectively ""Merry-Go-Round,"" redirecting hundreds of millions of online ads daily to pop-up windows on less-than-reputable websites.",Traffic Distribution System (TDS),Individual,Cyber Crime,>1,Link
115,30/05/2024,From April to December 2023,From April to December 2023,"APT28 (a.k.a. BlueDelta, Fancy Bear, Forest Blizzard, FROZENLAKE, Iron Twilight, ITG05, Pawn Storm, Sednit, Sofacy, and TA422)",Multiple organizations,The Russian GRU-backed threat actor APT28 has been attributed as behind a series of campaigns targeting networks across Europe with the HeadLace malware and credential-harvesting web pages.,Targeted Attack,Multiple Industries,Cyber Espionage,AT AZ BE CZ ES FR IN LT PL RO TR UA US,Link
116,30/05/2024,Between August 2020 and January 2023.,Between August 2020 and January 2023.,?,At least seven Russian and Belarusian-speaking independent journalists and opposition activists,An investigation by the digital rights groups Access Now and Citizen Lab reveal that at least seven Russian and Belarusian-speaking independent journalists and opposition activists were targeted or infected with the infamous spying malware Pegasus.,Malware,Individual,Cyber Espionage,BY RU,Link
117,30/05/2024,Since at least 2021,-,LilacSquid,Multiple organizations,"Researchers from Cisco Talos reveal that a previously undocumented APT group tracked as LilacSquid targeted organizations in the U.S., Europe, and Asia since at least 2021 via MeshAgent, an open-source remote management tool, and a customized version of QuasarRAT called “PurpleInk”",Targeted Attack,Multiple Industries,Cyber Espionage,>1,Link
118,30/05/2024,'Recently','Recently',?,Individuals,Malwarebytes warns users about scammers impersonating their brand to spread info-stealers.,Malware,Individual,Cyber Crime,>1,Link
119,30/05/2024,-,21/05/2024,?,Everbridge,"Everbridge, an American software company focused on crisis management and public warning solutions, notifies customers that unknown attackers had accessed files containing business and user data in a recent corporate systems breach.",Unknown,"Professional, scientific and technical",Cyber Crime,US,Link
120,30/05/2024,'Recently','Recently',?,Multiple organizations,"Snowflake confirms that a ""limited number"" of its customers have been singled out as part of a targeted campaign using credentials retrieved from other sources.",Account Takeover,Multiple Industries,Cyber Crime,>1,Link
121,30/05/2024,04/01/2024,30/01/2024,?,University of Chicago Medical Center,"The University of Chicago Medical Center reveals that a phishing incident involving the emails of workers at University of Chicago Medical Center may have exposed the personal information of about 10,300 people.",Account Takeover,Human health and social work,Cyber Crime,US,Link
122,31/05/2024,-,20/05/2024,ShinyHunters,Ticketmaster,"Live Nation confirms that Ticketmaster suffered a data breach after its data was stolen from a third-party cloud database provider, which is believed to be Snowflake. The data of 560 million users is potentially affected.",Account Takeover,"Arts entertainment, recreation",Cyber Crime,US,Link
123,31/05/2024,31/05/2024,31/05/2024,?,DMM Bitcoin,"The Japanese cryptocurrency exchange DMM Bitcoin announces that threat actors stole 4,502.9 Bitcoin (BTC), approximately $304 million (48.2 billion yen), from the its wallets.",Unknown,Fintech,Cyber Crime,JP,Link
124,31/05/2024,-,-,?,Android users in Bahrain,Research from McAfee discover an InfoStealer Android malware pretending to be a government agency service in Bahrain.,Malware,Individual,Cyber Crime,BH,Link
125,31/05/2024,Since at least May 2024,During May 2024,?,Multiple organizations,"Researchers from ReliaQuest discover a new variant of the ClearFake campaign that tricks users into copying, pasting, and manually executing malicious PowerShell code under the pretext of a browser update.",Malware,Multiple Industries,Cyber Crime,>1,Link
126,31/05/2024,Since at least 24/05/2024,24/05/2024,?,Multiple organizations,"Researchers from Phylum uncover glup-debugger-log, a new suspicious package uploaded to the npm package registry that's designed to drop a remote access trojan (RAT) on compromised systems.",Malware,Multiple Industries,Cyber Crime,>1,Link
127,31/05/2024,'Earlier in the same week','Earlier in the same week',?,Hugging Face,"AI platform Hugging Face says that its Spaces platform was breached, allowing threat actors to access authentication secrets for its members.",Unknown,"Professional, scientific and technical",Cyber Crime,US,Link
128,31/05/2024,-,During May 2024,TikTok accounts operated from China,Individuals in the U.S.,TikTok takes down a network of 350 accounts operated from China and targeting a US audience.,Coordinated Inauthentic Behavior,Individual,Cyber Warfare,US,Link
129,31/05/2024,-,During May 2024,TikTok accounts operated from Venezuela,"Individuals in Venezuela, Ecuador, and Panama","TikTok takes down a network of 250 accounts operated from Venezuela and targeting Venezuelan, Ecuadorian and Panamanian audiences.",Coordinated Inauthentic Behavior,Individual,Cyber Warfare,EC PA VE,Link
130,31/05/2024,-,During May 2024,TikTok accounts operated from Mexico,Individuals in Mexico,TikTok takes down a network of 107 accounts operated from Mexico and targeting Mexican audiences.,Coordinated Inauthentic Behavior,Individual,Cyber Warfare,MX,Link
131,31/05/2024,-,During May 2024,TikTok accounts operated from Iran,"Individuals in Gulf Countries, particularly Saudi Arabia.","TikTok takes down a network of 67 accounts operated from Iran and targeting audiences in Gulf Countries, particularly Saudi Arabia.",Coordinated Inauthentic Behavior,Individual,Cyber Warfare,SA,Link
132,31/05/2024,-,During May 2024,TikTok accounts operated from Pakistan,Individuals in Pakistan,TikTok takes down a network of 36 accounts operated from Pakistan and targeting audiences in Pakistan.,Coordinated Inauthentic Behavior,Individual,Cyber Warfare,PK,Link
133,31/05/2024,-,During May 2024,TikTok accounts operated from Ukraine,Individuals in Ukraine,TikTok takes down a network of 32 accounts operated from Ukraine and targeting audiences in Ukraine.,Coordinated Inauthentic Behavior,Individual,Cyber Warfare,UA,Link
134,31/05/2024,-,During May 2024,TikTok accounts operated from Russia,Individuals in the U.S.,TikTok takes down a network of 9 accounts operated from Russia and targeting audiences in the United States..,Coordinated Inauthentic Behavior,Individual,Cyber Warfare,US,Link
135,31/05/2024,-,-,?,Billericay School,The Billericay School is hit with a malware attack.,Malware,Education,Cyber Crime,GB,Link
136,31/05/2024,-,01/02/2023,?,WD & Associates,WD & Associates discloses a security breach.,Unknown,"Professional, scientific and technical",Cyber Crime,US,Link
137,31/05/2024,29/05/2024,-,?,Shell,"Oil and gas giant Shell says it is investigating a possible cybersecurity ""incident"" involving a third-party.",Unknown,"Electricity, gas steam, air conditioning",Cyber Crime,GB,Link
