ID,Date Reported,Date Occurred,Date Discovered,Author,Target,Description,Attack,Target Class,Attack Class,Country,Link
1,01/06/2024,-,31/05/2024,?,Germany's Christian Democratic Union,"Germany's Christian Democratic Union (CDU), the country's leading opposition party, is hit by a major cyberattack and has taken parts of its IT-infrastructure off the grid as a precautionary measure. According to sources, the attackers exploited the CVE-2024-24919 Check Point vulnerability.",CVE-2024-24919 Vulnerability,"Public admin and defence, social security",Cyber Espionage,DE,Link
2,02/06/2024,02/06/2024,02/06/2024,BlackSuit,Special Health Resources,Special Health Resources suffers a BlackSuit ransomware attack.,Ransomware,Human health and social work,Cyber Crime,US,Link
3,03/06/2024,01/06/2024,01/06/2024,?,Individuals,Malwarebytes discover a cryptocurrency scam spread via Whatsapp.,Scam,Individual,Cyber Crime,>1,Link
4,03/06/2024,'Recently','Recently',?,Organizations in Ukraine,Researchers from Fortinet discover a campaign targeting endpoints located in Ukraine with an aim to deploy Cobalt Strike via a Microsoft Excel file that carries an embedded VBA macro to initiate the infection.,Targeted Attack,Multiple Industries,Cyber Espionage,UA,Link
5,03/06/2024,01/03/2023,01/03/2023,"""Vssrtje""","Customers of 54 major financial institutes in Ireland, the Netherlands, Finland, Austria, Germany, France, Belgium, Greece, Luxembourg, and Italy.","Researchers from Resecurity discover a new phishing kit, named ""V3B"", targeting customers of 54 major financial institutes in Ireland, the Netherlands, Finland, Austria, Germany, France, Belgium, Greece, Luxembourg, and Italy.",Account Takeover,Finance and insurance,Cyber Crime,AT BE DE FI FR GR IE IT NL,Link
6,03/06/2024,-,-,?,Individuals in South Korea,Researchers from AhnLab  discover a campaign deploying the malware NiceRAT to co-opt infected devices into a botnet.,Malware,Individual,Cyber Crime,KR,Link
7,03/06/2024,Since 2021,Late 2023,Velvet Ant,Unnamed organization in East Asia,"Researchers from Sygnia disclose the details of a targeted attack carried out by the China-nexus state-sponsored threat actor Velvet Ant against an unnamed organization located in East Asia, abusing F5 Load Balancers for persistence.",Targeted Attack,Unknown,Cyber Espionage,N/A,Link
8,03/06/2024,SInce at least 01/05/2024,01/05/2024,?,Multiple organizations,"Researchers from Sonatype discover a malicious Python package uploaded to the Python Package Index (PyPI) repository as a fake 'crytic-compile' package, designed to deliver the information stealer called Lumma (aka LummaC2).",Malware,Multiple Industries,Cyber Crime,>1,Link
9,03/06/2024,-,-,Multiple threat actors,Multiple organizations,"A massive trove of 361 million email addresses from credentials stolen by password-stealing malware, in credential stuffing attacks, and from data breaches is added to the Have I Been Pwned data breach notification service.",>1,Multiple Industries,Cyber Crime,>1,Link
10,03/06/2024,03/06/2024,03/06/2024,?,Official Microsoft India account on X (formerly Twitter),"The official Microsoft India account on X (formerly Twitter), with over 211,000 followers, is hijacked by cryptocurrency scammers to impersonate Roaring Kitty, the handle used by notorious meme stock trader Keith Gill.",Account Takeover,"Professional, scientific and technical",Cyber Crime,IN,Link
11,03/06/2024,01/06/2024,01/06/2024,?,Verny,"Verny, a popular Russian discount retail chain with over 1,000 stores nationwide is hit by a cyberattack over the weekend that disrupts its services for several days.",Unknown,Wholesale and retail,Cyber Crime,RU,Link
12,03/06/2024,Since May 2024,-,Doppelgänger (linked to Russia),American users on social media platform X,Researchers from the Atlantic Council’s Digital Forensic Research Lab (DFRLab) identify a network of malicious accounts targeting American users on social media platform X to discredit protests in Georgia.,Coordinated Inauthentic Behavior,Individual,Cyber Warfare,RU GE,Link
13,03/06/2024,-,-,Unknown threat actor(s),Unknown organization(s) in the U.S.,The U.S. Cybersecurity and Infrastructure Security Agency (CISA) adds the CVE-2017-3506 Oracle WebLogic Vulnerability to its Known Exploited Vulnerabilities catalog.,CVE-2017-3506 Vulnerability,Unknown,N/A,N/A,Link
14,04/06/2024,-,-,?,Individuals in the U.S.,Researchers from Google discover a scam campaign where threat actors are impersonating utilities in the U.S.,Scam,Individual,Cyber Crime,US,Link
15,04/06/2024,End of May 2024,End of May 2024,?,High-profile TikTok accounts belonging to multiple companies and celebrities,TikTok fixes a 0-Day vulnerability exploited by attackers to hijack high-profile TikTok accounts belonging to multiple companies and celebrities.,Vulnerability,Multiple Industries,Cyber Crime,>1,Link
16,04/06/2024,'Recently','Recently',"Ghostwriter, a.k.a. UNC1151 and Storm-0257",Ukraine’s Ministry of Defence,"Researchers from Cyble discover a campaign by the Belarusian threat actor Ghostwriter, targeting Ukraine’s Ministry of Defence.",Targeted Attack,"Public admin and defence, social security",Cyber Espionage,UA,Link
17,04/06/2024,-,-,?,Job seekers across the U.S.,The FBI issues a warning about scammers using fake remote job ads to steal cryptocurrency from job seekers across the United States while posing as recruiters for legitimate companies.,Scam,Individual,Cyber Crime,US,Link
18,04/06/2024,Since at least 02/05/2024 to 23/05/2024,02/05/2024,Fog,Organizations in the education and recreation sectors in the U.S.,Researchers from Arctic Wolf discover a new ransomware called Fog and targeting organizations in the education and recreation sectors in the U.S.,Ransomware,Multiple Industries,Cyber Crime,US,Link
19,04/06/2024,-,-,UAC-0020 a.k.a. Vermin,Ukrainian civil service officials and military personnel,The Computer Emergency Response Team of Ukraine (CERT-UA) warns of a campaign targeting Ukrainian civil service officials and military personnel via the DarkCrystal RAT delivered through Signal.,Malware,"Public admin and defence, social security",Cyber Espionage,UA,Link
20,04/06/2024,-,-,?,Multiple organizations,"Researchers from Aqua Security discover a new campaign of the Muhstik malware targeting message queuing services applications, specifically the Apache RocketMQ platform.",CVE-2023-33246 Vulnerability,Multiple Industries,Cyber Crime,>1,Link
21,04/06/2024,Since 31/05/2024,Since 31/05/2024,?,Multiple organizations,Researchers from Greynoise detect rapidly increasing exploitation attempts targeting the Check Point CVE-2024-24919 vulnerability.,CVE-2024-24919 Vulnerability,Multiple Industries,Cyber Crime,>1,Link
22,04/06/2024,03/06/2024,03/06/2024,Qilin,Synnovis,A Qilin ransomware attack affecting pathology and diagnostic services provider Synnovis impacts healthcare services at multiple major NHS hospitals in London.,Ransomware,Human health and social work,Cyber Crime,GB,Link
23,04/06/2024,Late May 2024,Late May 2024,BianLian,Northern Minerals,"Northern Minerals issues an announcement warning that it suffered a cybersecurity breach resulting in some of its stolen data being published on the dark web. The BianLian ransomware group claims responsibility for the attack,",Ransomware,Mining and quarrying,Cyber Crime,AU,Link
24,04/06/2024,26/05/2024,04/06/2024,GhostR,Victorian Freight Specialists,The threat actor known as GhostR claims to have stolen data from Australian logistics company Victorian Freight Specialists.,SQLi,Transportation and storage,Cyber Crime,AU,Link
25,05/06/2024,'Recently','Recently',"TargetCompany a.k.a. Mallox, FARGO, and Tohnichi",Multiple organizations in the U.S.,Researchers from Trend Micro discover a new Linux variant of the TargetCompany ransomware family that targets VMware ESXi environments using a custom shell script to deliver and execute payloads.,Ransomware,Multiple Industries,Cyber Crime,>1,Link
26,05/06/2024,Since March 2023,During May 2023,Threat actors aligned with China,High-profile government organization in Southeast Asia,"Researchers from Sophos uncover a complex, long-running Chinese state-sponsored cyberespionage operation dubbed “Crimson Palace” targeting a high-profile government organization in Southeast Asia.",Targeted Attack,"Public admin and defence, social security",Cyber Espionage,N/A,Link
27,05/06/2024,-,-,UAC-0020 a.k.a. Vermin,Defense forces in Ukraine,The Computer Emergency Response Team of Ukraine (CERT-UA) warns of a campaign targeting defense forces in the country with a malware called SPECTR as part of an espionage campaign dubbed SickSync.,Targeted Attack,"Public admin and defence, social security",Cyber Espionage,UA,Link
28,05/06/2024,SInce February 2024,05/06/2024,Gitloker,Multiple organizations,"Researchers from CronUp warn of a threat actor with the alias Gitloker breaking into people’s GitHub accounts, stealing the contents, and then wiping the accounts clean.",Ransomware,Multiple Industries,Cyber Crime,>1,Link
29,05/06/2024,Since late April 2024,Since late April 2024,?,Multiple organizations,Researchers from Sucuri discover a malicious campaign carried out via fake Google Chrome update pop-ups from compromised websites.,Malicious script injection,Multiple Industries,Cyber Crime,>1,Link
30,05/06/2024,'Recently','Recently',?,Multiple organizations,"Researchers from Trustwave discover a malicious version of the Advanced IP Scanner containing a backdoored DLL module, delivering the CobaltStrike backdoor.",Malware,Multiple Industries,Cyber Crime,>1,Link
31,05/06/2024,'Recently','Recently',?,Multiple organizations,"Researchers from ReversingLabs discover a malicious, open source package: xFileSyncerx on the Python Package Index (PyPI), with close to 300 registered downloads, and containing separate malicious “wiper” components.",Malware,Multiple Industries,Cyber Crime,>1,Link
32,05/06/2024,Since at least 17/10/2023,17/10/2023,Threat actors from China,Multiple organizations,Researchers from Akamai discover a new campaign that targets ThinkPHP applications vulnerable to CVE-2018-20062 and CVE-2019-9082 to install a webshell dubbed Dama. The campaign appears to be orchestrated by a Chinese-speaking cyberthreat group.,CVE-2018-20062 and CVE-2019-9082 Vulnerabilities,Multiple Industries,Cyber Espionage,>1,Link
33,05/06/2024,'Recently','Recently',RansomHub,Multiple organizations,Researchers from Broadcom/Symantec reveal that the RansomHub ransomware group is exploiting the so-called ZeroLogon flaw in the Windows Netlogon Remote Protocol (CVE-2020-1472) to gain initial access to a victim's environment.,Ransomware,Multiple Industries,Cyber Crime,>1,Link
34,05/06/2024,-,-,?,Disney,Club Penguin fans hack a Disney Confluence server to steal information about their favorite game and walking away with 2.5 GB of internal corporate data.,Unknown,"Arts entertainment, recreation",Cyber Crime,US,Link
35,05/06/2024,-,-,Sp1d3r,Advance Auto Parts,"A threat actor using the Sp1d3r handle claims to be selling 3TB of data from Advance Auto Parts, a leading automotive aftermarket parts provider, stolen after breaching the company's Snowflake account.",Account Takeover,Wholesale and retail,Cyber Crime,US,Link
36,05/06/2024,Since March 2024,Since March 2024,Sapphire Werewolf,"Multiple organizations in Russia in the education, manufacturing, IT, defense, and aerospace engineering space",Researchers from BI.ZONE reveal that a group dubbed Sapphire Werewolf has attacked more than 300 Russian companies over the past three months using the Amethyst infostealer.,Targeted Attack,Multiple Industries,Cyber Espionage,RU,Link
37,05/06/2024,04/06/2024,04/06/2024,?,Vietnam Post,The Vietnam Post is hit with a ransomware attack.,Ransomware,Administration and support service,Cyber Crime,VN,Link
38,05/06/2024,27/05/2024,-,Daixin Team,Dubai Municipality,Daixin Team adds the Dubai Municipality to its dark web leak site.,Ransomware,"Public admin and defence, social security",Cyber Crime,UAE,Link
39,05/06/2024,-,-,Embargo,Multiple organizations,"A new ransomware group called Embargo emerges in the threat landscape, listing four victim names.",Ransomware,Multiple Industries,Cyber Crime,N/A,Link
40,05/06/2024,05/06/2024,05/06/2024,NoName057(16),Santa Barbara Systems,"Santa Barbara Systems, a General Dynamics subsidiary in Spain that is refurbishing Leopard tanks for delivery to Ukraine, suffers a cyberattack on its website, by pro-Russia group NoName057(16).",DDoS,Manufacturing,Hacktivism,ES,Link
41,05/06/2024,,,Sanggiero,Tech in Asia,"A database owned by Tech in Asia, a prominent technology news outlet focusing on startups and technological innovations across Asia is compromised and leaked by a threat actor known by the pseudonym “Sanggiero,” linked to the infamous hacking collective, IntelBroker.",Unknown,Information and communication,Cyber Crime,SG,Link
42,05/06/2024,12/09/2023,-,?,Town of Arlington,"The town of Arlington discloses that it had lost nearly $446,000 in a monthslong business email compromise (BEC) scam.",Account Takeover,"Public admin and defence, social security",Cyber Crime,US,Link
43,05/06/2024,-,-,?,Undisclosed email newsletter vendor,Tether and CoinGecko alert the crypto community to a potential security breach involving an email newsletter vendor.,Unknown,Fintech,Cyber Crime,>1,Link
44,06/06/2024,Since the start of 2024,-,?,Multiple organizations,"Researchers from Trend Micro expose Commando Cat, an attack campaign abusing exposed Docker remote API servers to deploy cryptocurrency miners.",Misconfiguration,Multiple Industries,Cyber Crime,>1,Link
45,06/06/2024,Mid-May 2024,Mid-May 2024,?,Multiple organizations,Researchers from G Data disclose the details of a malicious campaign delivering the CobaltStrike payload through a JScript remote access tool.,Malware,Multiple Industries,Cyber Crime,>1,Link
46,06/06/2024,End of April 2024,Since at least end of April 2024,Sticky Werewolf,Multiple organizations in Russia and Belarus,Researchers from Morphisec disclose details of a threat actor known as Sticky Werewolf linked to cyber attacks targeting entities in Russia and Belarus.,Targeted Attack,Multiple Industries,Cyber Espionage,BY RU,Link
47,06/06/2024,During May 2024,During May 2024,?,Multiple organizations,"Researchers from eSentire detect an attack involving a fake KMSPico activator tool, which delivers Vidar Stealer.",Malware,Multiple Industries,Cyber Crime,>1,Link
48,06/06/2024,Since October 2023,Since October 2023,?,Individuals members of the Russian diaspora,The Brooklyn District Attorney’s office seizes 70 domains connected to a pig butchering scam targeting members of the Russian diaspora through bogus cryptocurrency investments.,Scam,Individual,Cyber Crime,RU,Link
49,06/06/2024,During May 2024,During May 2024,Golden Chickens (a.k.a. Venom Spider),Unnamed company in the industrial services industry,Researchers from eSentire discover a phishing attack distributing the More_eggs malware by masquerading it as a resume.,Targeted Attack,Administration and support service,Cyber Crime,N/A,Link
50,06/06/2024,05/06/2024 and 06/06/2024,05/06/2024 and 06/06/2024,HackNet,Various election-related sites and two political parties in the Netherlands,"Researchers from Cloudflare report to have mitigated at least three distributed denial of service (DDoS) attack waves on various election-related sites in the Netherlands, as well as several political parties; PVV (Party for Freedom) and FvD (Forum for Democracy). The hacktivist group known as 'HackNeT' took responsibility for the attacks.",DDoS,"Public admin and defence, social security",Hacktivism,NL,Link
51,06/06/2024,-,05/06/2024,'Satanic',Los Angeles Unified School District,Los Angeles Unified School District (LAUSD) officials are investigating a threat actor's claims that they're selling stolen databases containing records belonging to millions of students and thousands of teachers. 24 million records are allegedly compromised.,Unknown,Education,Cyber Crime,US,Link
52,07/06/2024,SInce at least mid-May 2024,mid-May 2024,?,Spanish-speaking users,Researchers from Fortinet discover a phishing campaign targeting Spanish-speaking individuals to spread a new Agent Tesla malware variant.,Malware,Individual,Cyber Crime,>1,Link
53,07/06/2024,-,-,Unknown threat actor(s),Unknown organization(s),"ARM issues a security bulletin warning of CVE-2024-4610, a memory-related vulnerability in Bifrost and Valhall GPU kernel drivers that is being exploited in the wild.",CVE-2024-4610  Vulnerability,Unknown,N/A,N/A,Link
54,07/06/2024,Since at least 15/04/2024,-,?,Multiple organizations,Researchers from Wiz warn of an ongoing cryptojacking campaign targeting misconfigured Kubernetes clusters to mine Dero cryptocurrency.,Misconfiguration,Multiple Industries,Cyber Crime,>1,Link
55,07/06/2024,'Recently','Recently',"""u/AppleBotzz""",ComfyUI users,"Security researchers at VPNMentor discover a malicious custom node on the popular Stable Diffusion user interface, ComfyUI (""ComfyUI_LLMVISION"") able to steal sensitive data like passwords, credit card details, and crypto wallet addresses.",Malicious Node,Multiple Industries,Cyber Crime,>1,Link
56,07/06/2024,-,-,?,Individuals in the U.K.,"The London police arrests two individuals in connection with an investigation into the use of a “text message blaster”, believed to have been used to send thousands of smishing messages, posing as banks and other official organizations.",Account Takeover,Individual,Cyber Crime,GB,Link
57,07/06/2024,05/06/2024,05/06/2024,?,CoinGecko,"CoinGecko, the world’s largest independent cryptocurrency data aggregator, experiences a data breach through its third-party email platform, GetResponse.",Account Takeover,Fintech,Cyber Crime,SG,Link
58,08/06/2024,During January 2024,07/06/2024,?,New York Times,The New York Times confirms that internal source code and data was leaked on the 4chan message board after being stolen from the company's GitHub repositories in January 2024.,Account Takeover,Information and communication,Cyber Crime,US,Link
59,09/06/2024,-,-,GhostR,Absolute Telecom,GhostR claims to have stolen over 34 gigabytes of data belonging to Singapore-based telecom company Absolute Telecom PTE Ltd.,Unknown,Information and communication,Cyber Crime,SG,Link
60,09/06/2024,09/06/2024,09/06/2024,?,Loopring,"Loopring announces a security breach involving its two-factor authentication service Guardian, affecting two wallets, with one of them was drained of about $5 million.",Account Takeover,Fintech,Cyber Crime,CN,Link
61,10/06/2024,-,-,Threat actor from China,Multiple organizations,"Researchers from Zscaler discover a new campaign used to deliver ValleyRAT, which is developed by a China-based threat actor.",Malware,Multiple Industries,Cyber Espionage,>1,Link
62,10/06/2024,Since 08/06/2024,08/06/2024,TellYouThePass,Multiple organizations,Researchers from Imperva reveal that the TellYouThePass ransomware gang has been exploiting the recently patched CVE-2024-4577 remote code execution vulnerability in PHP to deliver webshells and execute the encryptor payload on target systems.,Ransomware,Multiple Industries,Cyber Crime,>1,Link
63,10/06/2024,During 2022 and 2023,During 2022 and 2023,Threat actor from China,"At least 20,000 targets worldwide including “dozens of (Western) governments, international organizations and a large number of companies within the defense industry","The Dutch National Cyber Security Centre (NCSC) warns that the campaign exploiting a zero-day vulnerability (CVE-2022-42475) in FortiGate was far more extensive than previously thought, resulting in the compromise of at least 20,000 systems worldwide.",CVE-2022-42475 Vulnerability,"Public admin and defence, social security",Cyber Espionage,>1,Link
64,10/06/2024,Since at least April 2024,During April 2024,UNC5537,At least 165 organizations worldwide,"Researchers from Mandiant reveal that at least 165 organizations worldwide have been impacted by a cluster of activity named UNC5537, carried out using stolen Snowflake credentials.",Account Takeover,Multiple Industries,Cyber Crime,>1,Link
65,10/06/2024,-,07/06/2024,Sp1d3r,Cylance,"Cybersecurity company Cylance confirms the legitimacy of data being sold on a hacking forum, stating that it is old data stolen from a ""third-party platform"" (allegedly Snowflake).",Account Takeover,"Professional, scientific and technical",Cyber Crime,US,Link
66,10/06/2024,-,-,UNC5537,Pure Storage,"Pure Storage, a leading provider of cloud storage systems and services, confirms that attackers breached its Snowflake workspace and gained access to what the company describes as telemetry information.",Account Takeover,"Professional, scientific and technical",Cyber Crime,US,Link
67,10/06/2024,-,-,Russian consulting firm,Audience worldwide,"Google's Threat Analysis Group terminates 1,253 YouTube channels part of a coordinated influence operations linked to Russia. The campaign was linked to a Russian consulting firm and was sharing content in Russian that was supportive of Russia and critical of Ukraine and the West.",Coordinated Inauthentic Behavior,Individual,Cyber Warfare,>1,Link
68,10/06/2024,-,-,?,Audience in Azerbaijan,Google's Threat Analysis Group terminates 9 YouTube channels part of a coordinated influence operations linked to Azerbaijan. The campaign was sharing content in Azerbaijani that was supportive of Azerbaijan and critical of Armenia and critics of the Azerbaijani government.,Coordinated Inauthentic Behavior,Individual,Cyber Warfare,AZ,Link
69,10/06/2024,-,-,China,Audience worldwide,"Google's Threat Analysis Group terminates 112 domains from eligibility to appear on Google News surfaces and Discover part of coordinated influence operations linked to the People’s Republic of China (PRC). The campaign was sharing content in English, French, Japanese, Thai, Chinese, and other languages that was supportive of China among news and current events content for different regional audiences.",Coordinated Inauthentic Behavior,Individual,Cyber Warfare,>1,Link
70,10/06/2024,-,-,China,Audience worldwide,"Google's Threat Analysis Group terminates 3,931 YouTube channels part of coordinated influence operations linked to the People’s Republic of China (PRC). The coordinated inauthentic network uploaded content in Chinese and English about China and U.S. foreign affairs. These findings are consistent with our previous reports.",Coordinated Inauthentic Behavior,Individual,Cyber Warfare,>1,Link
71,10/06/2024,08/06/2024,08/06/2024,?,Niconico,"A popular Japanese video-sharing platform, Niconico, is investigating a cybersecurity incident that forced the company to suspend its services.",Unknown,Information and communication,Cyber Crime,JP,Link
72,10/06/2024,01/06/2024,01/06/2024,Sp1d3r,QuoteWizard,"Financial services firm LendingTree confirms that QuoteWizard, one of its subsidiaries, was potentially affected by a cybersecurity incident following a wider attack on customers of data storage company Snowflake.",Account Takeover,Finance and insurance,Cyber Crime,US,Link
73,10/06/2024,29/02/2024,02/03/2024,?,United Seating and Mobility d/b/a Numotion,"United Seating and Mobility, a provider of wheelchair and mobility equipment that does business as Numotion, discloses that an unauthorized third party had access to its computer systems and used ransomware to encrypt files. 602,000 individuals are affected.",Ransomware,Manufacturing,Cyber Crime,US,Link
74,11/06/2024,Since 2022,Since 2022,Threat actor from China,Multiple organizations,Researchers from Trend Micro reveal the details of a previously undocumented cross-platform malware codenamed Noodle RAT used by Chinese-speaking threat actors either for espionage or cybercrime for years.,Malware,Multiple Industries,N/A,>1,Link
75,11/06/2024,10/06/2024,10/06/2024,?,UwU Lend,The UwU Lend crypto platform says it has made an offer to a threat actor behind the theft of nearly $20 million worth of ETH.,Vulnerability,Fintech,Cyber Crime,FI,Link
76,11/06/2024,-,-,?,Multiple organizations,Researchers from Trustwave discover a new phishing campaign using HTML attachments that abuse the Windows search protocol (search-ms URI) to push batch files hosted on remote servers that deliver malware.,Malware,Multiple Industries,Cyber Crime,>1,Link
77,11/06/2024,-,-,?,Multiple organizations,"Researchers from Sonatype uncover ""cors-parser"", a malicious npm package using steganography to hide as an image.",Malware,Multiple Industries,Cyber Crime,>1,Link
78,11/06/2024,11/06/2024,11/06/2024,Smishing Triad,Banking users in Pakistan,"Researcher from Resecurity uncover the latest campaign from the notorious cybercriminal group Smishing Triad targeting smartphone users in Pakistan, and designed to steal personal and financial information from unsuspecting users.",Account Takeover,Finance and insurance,Cyber Crime,PK,Link
79,11/06/2024,10/06/2024,10/06/2024,?,City of Cleveland,"The City of Cleveland, Ohio, is currently dealing with a cyberattack that has forced it to take citizen-facing services offline, including the public offices and facilities at Erieview and the City Hall. Few days later the city confirms a ransomware attack.",Ransomware,"Public admin and defence, social security",Cyber Crime,US,Link
80,11/06/2024,-,-,?,Life360,Safety and location services company Life360 says it was the target of an extortion attempt after a threat actor breached and stole sensitive information from a Tile customer support platform.,Account Takeover,Manufacturing,Cyber Crime,US,Link
81,11/06/2024,-,-,Russia?,Multiple organizations in Switzerland,Swiss authorities record an increase in cyberattacks and disinformation campaigns ahead of Ukraine's peace summit.,>1,Multiple Industries,Cyber Warfare,CH,Link
82,12/06/2024,Late April 2024,Late April 2024,?,Multiple organizations,"Researchers from Elastic observe REF6127, a wave of email campaigns targeting environments by deploying a new backdoor called WARMCOOKIE based on data sent through the HTTP cookie parameter.",Malware,Multiple Industries,Cyber Crime,>1,Link
83,12/06/2024,Since early 2024,Since early 2024,"Scattered Spider (a.k.a. UNC3944, Muddled Libra, Octo Tempest, Scatter Swine, and Starfraud)",Multiple organizations,"Researchers from Guidepoint Security reveal that at least some portion of Scattered Spider, a former ALPHV/BlackCat affiliate, is now conducting ransomware operations with RansomHub based on observed tactics, techniques and procedures (TTPs).",Ransomware,Multiple Industries,Cyber Crime,>1,Link
84,12/06/2024,-,-,?,Individuals in the U.S.,The Cybersecurity and Infrastructure Security Agency (CISA) warns that criminals are impersonating its employees in phone calls and attempting to deceive potential victims into transferring money.,Scam,Individual,Cyber Crime,US,Link
85,12/06/2024,-,-,Unknown threat actor(s),Unknown organization(s),Google releases patches for 50 security vulnerabilities impacting its Pixel devices and warns that one of them (CVE-2024-32896) had already been exploited in targeted attacks as a zero-day. However some security companies say CVE-2024-32896 is the same as CVE-2024-29748 already patched.,CVE-2024-32896 Vulnerability,Unknown,N/A,N/A,Link
86,12/06/2024,During August 2023,During August 2023,Threat actors from China,Undisclosed Brazilian executive branch organization,Researchers from Google Mandiant reveal that during to have detected a campaign from a Chinese targeting nearly two hundred users in a Brazilian executive branch organization.,Targeted Attack,Unknown,Cyber Espionage,BR,Link
87,12/06/2024,Late 2022,Late 2022,Threat actors from China,Brazilian state government organizations,"Researchers from Google Mandiant reveal that threat actors from China used an operational relay box (ORB) network to anonymize their activity and attempted to send a mass phishing campaign to nearly two thousand email addresses, including 70 email addresses in the .br ccTLD, the majority of which belonged to Brazilian state government organizations.",Targeted Attack,"Public admin and defence, social security",Cyber Espionage,BR,Link
88,12/06/2024,During 2023,During 2023,UNC4841,Brazilian business association,Researchers from Google Mandiant reveal that the threat actor from China UNC4841 targeted a Brazilian business association focused on promoting state-level commerce across several industries via the CVE-2023-2868 Barracuda vulnerability.,CVE-2023-2868 Vulnerability,Administration and support service,Cyber Espionage,BR,Link
89,12/06/2024,Early 2024,Early 2024,PUKCHONG a.k.a. UNC4899),Cryptocurrency professionals in Brazil,"Researchers from Google Mandiant reveal that the threat actor from North Korea PUKCHONG (UNC4899) targeted cryptocurrency professionals in multiple regions, including Brazil, using a Python app that was trojanized with malware.",Malware,Fintech,Cyber Crime,BR,Link
90,12/06/2024,-,-,PAEKTUSAN,Professionals in Brazil and other regions,"Researchers from Google Mandiant reveal that in a separate campaign, PAEKTUSAN masqueraded as a recruiter at a major US aerospace company and reached out to professionals in Brazil and other regions via email and social media distribution AGAMEMNON, a downloader written in C++.",Malware,Multiple Industries,Cyber Espionage,BR >1,Link
91,12/06/2024,-,-,PAEKTUSAN,Aerospace firms in Brazil,Researchers from Google Mandiant reveal that the threat actor from North Korea PAEKTUSAN created an account impersonating an HR director at a Brazilian aerospace firm and used it to send phishing emails to employees at a second Brazilian aerospace firm.,Account Takeover,Manufacturing,Cyber Espionage,BR,Link
92,12/06/2024,,-,PRONTO,Diplomats in Brazil,"Researchers from Google Mandiant reveal that the North Korean group, PRONTO launched a campaign that used a denuclearization-themed phishing lure and the group’s typical phishing kit - a fake PDF viewer.",Targeted Attack,"Public admin and defence, social security",Cyber Espionage,BR,Link
93,12/06/2024,Between September and October 2021,Between September and October 2021,"APT28 (a.k.a. BlueDelta, Fancy Bear, Forest Blizzard, FROZENLAKE, Iron Twilight, ITG05, Pawn Storm, Sednit, Sofacy, and TA422)",Multiple organizations in Brazil,"Researchers from Google Mandiant reveal that between September and October 2021, the Russian threat actor APT28 sent credential phishing emails to over 14K recipients globally in Brazil.",Account Takeover,Multiple Industries,Cyber Espionage,BR,Link
94,12/06/2024,Late April 2024,Late April 2024,UNC5176,Multiple organizations in Brazil,"Researchers from Google Mandiant discover an UNC5176 campaign distributing URSA to victim organizations in Brazil, in sectors such as financial services, healthcare, retail, and hospitality.",Malware,Multiple Industries,Cyber Crime,BR,Link
95,12/06/2024,'Recently','Recently',PINEAPPLE,Individuals in Brazil,"Researchers from Google Mandiant disclose a campaign by the Brazilian threat actor PINEAPPLE, sending spam emails impersonating Brazil’s finance ministry and directing recipients to a social engineering page that mimicked the Brazilian government’s electronic tax document system (Portal da Nota Fiscal Eletrônica) to deliver malware.",Malware,Individual,Cyber Crime,BR,Link
96,12/06/2024,During May and June 2024,During May and June 2024,PINEAPPLE,Individuals in Brazil,Researchers from Google Mandiant disclose recent PINEAPPLE campaigns in May and June 2024 spoofing Receita Federal and hosted landing pages on dedicated virtual servers created through GoDaddy’s reverse IP hostname service.,Malware,Individual,Cyber Crime,BR,Link
97,12/06/2024,'Recently','Recently',PINEAPPLE,Individuals in Brazil,Researchers from Google Mandiant observe a campaign by the same threat actor PINEAPPLE using mail forwarding services to send emails that appear to come from WhatsApp.,Malware,Individual,Cyber Crime,BR,Link
98,12/06/2024,12/06/2024,12/06/2024,FLUXROOT,One of Latin America's largest online payment platforms,Researchers from Google Mandiant reveal the details of phishing activity hosted on GCP serverless projects used to harvest credentials for one of Latin America's largest online payment platforms.,Account Takeover,Finance and insurance,Cyber Crime,BR,Link
99,12/06/2024,Since at least 19/05/2024,19/05/2024,?,Multiple organizations,Researchers from G Data reveal that legitimate-but-compromised websites are being used as a conduit to deliver a Windows backdoor dubbed BadSpace under the guise of fake browser updates.,Malware,Multiple Industries,Cyber Crime,>1,Link
100,12/06/2024,-,'Recently',?,Toronto District School Board,The Toronto District School Board (TDSB) warns that it suffered a ransomware attack on its software testing environment and is investigating whether any personal information was exposed.,Ransomware,Education,Cyber Crime,CA,Link
101,12/06/2024,12/06/2024,12/06/2024,?,Traverse City,Traverse City is hit with a ransomware attack and shuts down the IT infrastructure.,Ransomware,"Public admin and defence, social security",Cyber Crime,US,Link
102,12/06/2024,10/06/2024,10/06/2024,?,City of Newburgh,The city of Newburgh is hit with a ransomware attack and shuts down the IT infrastructure.,Ransomware,"Public admin and defence, social security",Cyber Crime,US,Link
103,12/06/2024,09/06/2024,09/06/2024,?,Two undisclosed users of the OKX cryptocurrency exchange,"The OKX cryptocurrency exchange and security partner SlowMist investigate a multi-million dollar exploit through a SIM swap attack, that resulted in two stolen user accounts.",SIM Swap,Fintech,Cyber Crime,SC,Link
104,13/06/2024,-,-,?,Individuals,Researchers from Proofpoint identify fraudulent websites purporting to sell tickets to the Paris 2024 Summer Olympic Games.,Scam,Individual,Cyber Crime,>1,Link
105,13/06/2024,Since 2022,Since 2022,Arid Viper,Android users in Egypt and Palestine,"Researchers at ESET reveal the details of five cyber espionage campaigns starting in 2022, targeting Android users with trojanized apps in Egypt and Palestine with a targeted malware dubbed AridSpy.",Targeted Attack,Individual,Cyber Espionage,EG PS,Link
106,13/06/2024,Since at least 2018,-,Cosmic Leopard,"Indian entities and individuals belonging to defense, government and related technology spaces","Researchers from Cisco Talos discover a new malware campaign called “Operation Celestial Force”,from a Pakistani threat actor, running since at least 2018 and still active, employing the use of GravityRAT, an Android-based malware, along with a Windows-based malware loader tracked as “HeavyLift.”",Targeted Attack,Multiple Industries,Cyber Espionage,IN,Link
107,13/06/2024,During Q1 and Q2 2024,During Q1 and Q2 2024,Moonstone Sleet,Multiple organizations,"Researchers from Checkmarx reveal the details of Moonstone Sleet, a North Korean threat actor distributing malware through malicious NPM packages.",Targeted Attack,Multiple Industries,Cyber Espionage,>1,Link
108,13/06/2024,-,-,Unknown threat actor(s),Unknown organization(s) in the U.S.,The U.S. Cybersecurity and Infrastructure Security Agency (CISA) adds the CVE-2024-26169 Microsoft Windows Error Reporting Service Improper Privilege Management Vulnerability to its Known Exploited Vulnerabilities catalog.,CVE-2024-26169 Vulnerability,Unknown,N/A,US,Link
109,13/06/2024,-,-,Unknown threat actor(s),Unknown organization(s) in the U.S.,The U.S. Cybersecurity and Infrastructure Security Agency (CISA) adds the CVE-2024-4358 Progress Telerik Report Server Authentication Bypass by Spoofing Vulnerability to its Known Exploited Vulnerabilities catalog.,CVE-2024-4358 Vulnerability,Unknown,N/A,US,Link
110,13/06/2024,During 2024,During 2024,UTA0137,Government organizations in India,"Researchers from Volexity reveal that a suspected Pakistan-based threat actor tracked as UTA0137, has been linked to a cyber espionage campaign targeting Indian government entities in 2024 via the exclusive use of a malware called DISGOMOJI that's written in Golang and is designed to infect Linux systems",Targeted Attack,"Public admin and defence, social security",Cyber Espionage,IN,Link
111,13/06/2024,-,-,?,Multiple organizations,Researchers from Datadog uncover a new malware campaign targeting publicly exposed Docket API endpoints with the aim of delivering cryptocurrency miners and other payloads.,Misconfiguration,Multiple Industries,Cyber Crime,>1,Link
112,13/06/2024,13/06/2024,13/06/2024,Sp1d3r,Truist Bank,"Truist Bank, a leading U.S. commercial bank, confirms this week that its systems were breached in an October 2023 cyberattack after a threat actor posted some of the company's data for sale on a hacking forum.",Unknown,Finance and insurance,Cyber Crime,US,Link
113,14/06/2024,'Recently','Recently',"Scattered Spider (a.k.a. UNC3944, Muddled Libra, Octo Tempest, Scatter Swine, and Starfraud)",Multiple organizations,Researchers from Mandiant reveal that the Scattered Spider gang has started to steal data from software-as-a-service (SaaS) applications and establish persistence through creating new virtual machines.,Account Takeover,Multiple Industries,Cyber Crime,>1,Link
114,14/06/2024,-,-,Two pro-Russia Ukraine residents,Ukraine soldiers,The Security Service of Ukraine (SSU) dismantle an Infrastructure that enabled two pro-Russia Ukraine residents to break into soldiers' devices and deploy spyware.,Malware,"Public admin and defence, social security",Cyber Warfare,UA,Link
115,14/06/2024,13/06/2024,13/06/2024,?,Globe Life,American financial services holding company Globe Life says attackers may have accessed consumer and policyholder data after breaching one of its web portals.,Unknown,Finance and insurance,Cyber Crime,US,Link
116,14/06/2024,06/05/2024,06/05/2024,Black Basta,Keytronic,PCBA manufacturing giant Keytronic warns it suffered a data breach after the Black Basta ransomware gang leaked 530GB of the company's stolen data two weeks ago.,Ransomware,Manufacturing,Cyber Crime,US,Link
117,14/06/2024,12/02/2024,12/02/2024,?,Association of Texas Professional Educators,The Association of Texas Professional Educators (ATPE) sends out breach notifications warning of a cyberattack that exposed sensitive information.,Unknown,Education,Cyber Crime,US,Link
118,14/06/2024,-,-,?,Audience in Europe,"Thirteen websites linked to the Islamic State, al-Qaida and its affiliates, as well as the Syria-based rebel group Hay’at Tahrir al-Sham, and used to spread terrorist propaganda online are targeted in two parallel Europol-coordinated operations.",Coordinated Inauthentic Behavior,Individual,Cyber Warfare,EU,Link
119,14/06/2024,19/02/2024,-,?,County of Los Angeles’ Department of Public Health,"The County of Los Angeles’ Department of Public Health (DPH) has disclosed a data breach impacting the personal information of 200,000 individuals.",Account Takeover,Human health and social work,Cyber Crime,US,Link
120,14/06/2024,15/05/2024,18/05/2024,?,Amtrak,Amtrak reveals that the Guest Rewards Accounts were hacked in credential stuffing attacks,Credential Stuffing,Transportation and storage,Cyber Crime,US,Link
121,14/06/2024,13/06/2024,13/06/2024,?,Richland School District,"Richland School District is left without phones and Internet, after someone gained unauthorized access to the network.",Unknown,Education,Cyber Crime,US,Link
122,14/06/2024,12/02/2024,17/04/2024,?,Consulting Radiologists,"Consulting Radiologists notifies more than 500,000 individuals that their sensitive information was accessed and potentially acquired by threat actors earlier this year.",Unknown,Human health and social work,Cyber Crime,US,Link
123,15/06/2024,During 2023,During 2023,?,"1,899 victims in Singapore",A Singapore police-led law enforcement operation dismantles a regional cybercrime ring that carried out malware-enabled scams to steal tens of millions of dollars from victims since 2023.,Malware,Individual,Cyber Crime,SG,Link
124,15/06/2024,13/06/2024,13/06/2024,DoppelGänger,Audience in Europe,"Researchers from Bot Blocker discover a campaign attributed to the pro-Kremlin disinformation network DoppelGänger that spread thousands of images on social media with fake anti-Ukraine quotes falsely credited to celebrities, including Jennifer Aniston, Scarlett Johansson and Elton John.",Coordinated Inauthentic Behavior,Individual,Cyber Warfare,DE FR GB PL,Link
