ID,Date Reported,Date Occurred,Date Discovered,Author,Target,Description,Attack,Target Class,Attack Class,Country,Link
1,16/06/2024,16/06/2024,16/06/2024,Threat actors from Russia,TVP,"Russian threat actors could be behind the disruption to TVP, an online broadcast of the Euro 2024 soccer tournament, during the Polish national team’s opening match against the Netherlands.",DDoS,Information and communication,Hacktivism,PL,Link
2,16/06/2024,13/06/2024,13/06/2024,?,Maxicare,"The health maintenance organization (HMO) Maxicare reports a data breach affecting the personal information of some 13,000 members.",Unknown,Human health and social work,Cyber Crime,PH,Link
3,17/06/2024,Since 01/03/2024,Since 01/03/2024,Multiple threat actors including TA571 and ClearFake,Multiple organizations,"Researchers from Proofpoint identify a new malware distribution campaign uses fake Google Chrome, Word, and OneDrive errors to trick users into running malicious PowerShell ""fixes"" that install malware.",Malware,Multiple Industries,Cyber Crime,>1,Link
4,17/06/2024,Since at least March 2024,During March 2024,?,Multiple organizations,"Researchers from Trellix discover a campaign where threat actors lure unsuspecting users with free or pirated versions of commercial software to deliver a malware loader called Hijack Loader, which then deploys an information stealer known as Vidar Stealer.",Malware,Multiple Industries,Cyber Crime,>1,Link
5,17/06/2024,Since at least 07/12/2023,-,"""markopolo""",Individuals in the Crypto space,"Researchers from Recorded Future reveal the details of a widespread malicious campaign targeting cryptocurrency users and involving Vortax, a fake virtual meeting software installing three infostealers (Rhadamanthys, Stealc and Atomic macOS Stealer, or AMOS).",Malware,Fintech,Cyber Crime,>1,Link
6,17/06/2024,Since at least mid-May 2024,-,?,Multiple organizations,Researchers from Rapid7 discover a malvertising campaign leveraging trojanized installers for popular software such as Google Chrome and Microsoft Teams to drop a backdoor called Oyster (aka Broomstick and CleanUpLoader).,Malware,Multiple Industries,Cyber Crime,>1,Link
7,17/06/2024,-,-,?,Learnosity,"Learnosity, an e-learning platform with more than 40 million learners, discloses a cybersecurity incident.",Account Takeover,Education,Cyber Crime,IE,Link
8,18/06/2024,Since at least early March 2024,Early March 2024,?,Multiple organizations,Researchers from Avast discover a new undetected variant of the Diamorphine Linux rootkit.,Malware,Multiple Industries,Cyber Crime,>1,Link
9,18/06/2024,During 2024,During 2024,?,Individuals in China,Researchers from Cyble reveal that Individuals in China have been targeted by a QR code-based phishing (quishing) campaign which uses QR codes in fake official documents to deceive victims.,Account Takeover,Multiple Industries,Cyber Crime,CN,Link
10,18/06/2024,Since 31/05/2024,Since 31/05/2024,?,Individuals in the U.S.,"Researchers from Netcraft identify donation scams impersonating the Trump campaign, featuring dozens of malicious domains distributed in phishing and smishing campaigns.",Account Takeover,Individual,Cyber Crime,US,Link
11,18/06/2024,Since at least 14/06/2024,14/06/2024,Multiple threat actors,Multiple organizations,"Researchers from GreyNoise reveal that threat actors are actively exploiting CVE-2024-28995, a SolarWinds Serv-U path-traversal vulnerability, leveraging publicly available proof-of-concept (PoC) exploits.",CVE-2024-28995 Vulnerability,Multiple Industries,N/A,>1,Link
12,18/06/2024,-,-,?,Multiple organizations,"Threat actors are exploiting CVE-2024-36680, a flaw in a premium Facebook module for PrestaShop named pkfacebook to deploy a card skimmer on vulnerable e-commerce sites and steal people's payment credit card details.",CVE-2024-36680 Vulnerability,Wholesale and retail,Cyber Crime,>1,Link
13,18/06/2024,During 2023,During 2023,UNC3886,Multiple organizations,"Researchers from Google Mandiant reveal that a suspected Chinese threat actor tracked as UNC3886 has been using publicly available open-source rootkits named 'Reptile' and 'Medusa' to remain hidden on VMware ESXi virtual machines, allowing them to conduct credential theft, command execution, and lateral movement.",Targeted Attack,Multiple Industries,Cyber Espionage,>1,Link
14,18/06/2024,During February 2024,Since at least February 2024,MRxC0DER,Multiple organizations,"Researchers from EcleticIQ discover a new phishing-as-a-service (PhaaS) platform called ONNX Store, targeting Microsoft 365 accounts for employees at financial firms using QR codes in PDF attachments.",Account Takeover,Multiple Industries,Cyber Crime,>1,Link
15,18/06/2024,-,17/06/2024,IntelBroker,AMD,"AMD is investigating whether it suffered a cyberattack after the threat actor IntelBroker put allegedly stolen data up for sale on a hacking forum, claiming it contains AMD employee information, financial documents, and confidential information.",Unknown,"Professional, scientific and technical",Cyber Crime,US,Link
16,18/06/2024,-,-,BlackSuit,Kansas City Police,The BlackSuit ransomware gang leaks Kansas City Police data in a failed ransom plot.,Ransomware,"Public admin and defence, social security",Cyber Crime,US,Link
17,18/06/2024,06/06/2024,06/06/2024,Black Basta,Amper,Spanish engineering and technology firm Amper Group falls victim to a cyberattack by the Black Basta group with the ransomware-as-a-service outfit stealing 650 gigabytes of sensitive data.,Ransomware,"Professional, scientific and technical",Cyber Crime,ES,Link
18,19/06/2024,During 2024,During 2024,Void Arachne,Chinese-speaking users,"Researchers from Trend Micro discover a new campaign targeting Chinese-speaking users, carried out by a threat actor named Void Arachne, and employing malicious Windows Installer (MSI) files for virtual private networks to deliver a command-and-control framework called Winos 4.0.",Targeted Attack,Individual,Cyber Espionage,CN,Link
19,19/06/2024,During May 2024,Since at least 2024,?,Multiple organizations,"Researchers from Fortinet discover a new Rust-based information stealer malware called Fickle Stealer, delivered via multiple attack chains with the goal of harvesting sensitive information from compromised hosts.",Malware,Multiple Industries,Cyber Crime,>1,Link
20,19/06/2024,Since at least late April 2024,Late April 2024,?,Organizations in China,Researchers from AT&T uncover new evasive malware loader named SquidLoader that spreads via phishing campaigns targeting Chinese organizations.,Malware,Multiple Industries,Cyber Crime,CN,Link
21,19/06/2024,Since at least 20/05/2024,20/05/2024,?,Multiple organizations,Researchers at the QiAnXin XLab team uncover a new Golang-based botnet called Zergeca that can carry out distributed denial-of-service (DDoS) attacks.,"Multiple vulnerabilities (CVE-2022-35733,  CVE-2018-10562,  CVE-2018-10561, CVE-2017-17215, CVE-2016-20016)",Multiple Industries,Cyber Crime,CA DE US Other countries,Link
22,19/06/2024,Since at least March 2024,During March 2024,ExCobalt,Multiple organizations in Russia,Researchers from Positive Technologies reveal that a cybercrime gang called ExCobalt targeted Russian organizations in multiple sectors with a previously unknown Golang-based backdoor known as GoRed.,Targeted Attack,Multiple Industries,Cyber Crime,RU,Link
23,19/06/2024,Since at least June 2024,During June 2024,?,Individuals,Researchers from eSentire discover a new campaign tricking users searching for the Meta Quest (formerly Oculus) application for Windows into downloading a new adware family called AdsExhaust.,Malware,Individual,Cyber Crime,>1,Link
24,19/06/2024,Since at least June 2024,During June 2024,?,Multiple organizations,"Researchers from eSentire discover a campaign where fake IT support sites promote malicious PowerShell ""fixes"" for common Windows errors, to infect devices with the Vidar information-stealing malware.",Malware,Multiple Industries,Cyber Crime,>1,Link
25,19/06/2024,-,09/06/2024,?,Kraken,The Kraken crypto exchange discloses that alleged security researchers exploited a zero-day website bug to steal $3 million in cryptocurrency and then refused to return the funds.,Vulnerability,Fintech,Cyber Crime,US,Link
26,19/06/2024,18/06/2024,18/06/2024,BlackSuit,CDK Global,"Car dealership software-as-a-service provider CDK Global is hit by a massive cyberattack, causing the company to shut down its systems and leaving clients unable to operate their business normally.",Ransomware,"Professional, scientific and technical",Cyber Crime,US,Link
27,19/06/2024,23/05/2024,23/05/2024,Sp1d3r,Advance Auto Parts,Advance Auto Parts confirms it suffered a data breach after a threat actor attempted to sell stolen data on a hacking forum earlier this month. The breach allegedly stemmed from the Snowflake attack,Account Takeover,Wholesale and retail,Cyber Crime,US,Link
28,19/06/2024,08/06/2024,08/06/2024,?,Crown Equipment,Forklift manufacturer Crown Equipment confirms that it suffered a cyberattack earlier this month that disrupted manufacturing at its plants.,Ransomware,Manufacturing,Cyber Crime,US,Link
29,19/06/2024,During June 2024,19/06/2024,IntelBroker,Undisclosed T-Mobile vendor,T-Mobile denies it was breached or that source code was stolen after the threat actor IntelBroker claims to be selling stolen data from the telecommunications company. The data seems to have been stolen from a third-party vendor.,CVE-2024-1597 Vulnerability?,Unknown,Cyber Crime,N/A,Link
30,19/06/2024,19/06/2024,19/06/2024,?,CDK Global,CDK Global suffers an additional breach as it was starting to restore systems shut down in an previous cyberattack.,Unknown,Wholesale and retail,Cyber Crime,US,Link
31,19/06/2024,During June 2024,-,IntelBroker,Apple,"The threat actor IntelBroker claims to have hacked Apple, allegedly gaining access to internal source code of three popular tools of Apple.com.",Unknown,Manufacturing,Cyber Crime,US,Link
32,20/06/2024,Since at least 2021,-,"Threat actors linked to China (Fireant a.k.a. Mustang Panda, Earth Preta; Neeedleminer a.k.a. RedFoxtrot, Nomad Pandal; Firefly a.k.a. Naikon)",Several telecom operators located in a single Asian country,"Researchers from Symantec/Broadcom reveal that threat actors using tools associated with Chinese espionage groups (Coolclient, Quickheal, Rainyday) have breached multiple telecom operators in a single Asian country in a long-running espionage campaign.",Targeted Attack,Information and communication,Cyber Espionage,N/A,Link
33,20/06/2024,Since 2021,-,"APT29 (a.k.a. NOBELIUM, Dark Halo, StellarParticle, UNC2452, The Dukes, Cozy Bear, CozyDuke, UNC3524, Midnight Blizzard)","Multiple organizations in France including the French Ministry of Foreign Affairs, the National Agency for Territorial Cohesion (ANCT), and several French embassies worldwide",The French cybersecurity agency ANSSI reveals that the Russian-aligned threat actor APT29 has been continuously targeting French diplomatic entities and public organizations since 2021.,Targeted Attack,"Public admin and defence, social security",Cyber Espionage,FR,Link
34,20/06/2024,Since at least early May 2024,Early May 2024,RansomHub,Multiple organizations,Researchers from Recorded Future reveal that the RansomHub ransomware operation is using a Linux encryptor designed specifically to encrypt VMware ESXi environments in corporate attacks.,Ransomware,Multiple Industries,Cyber Crime,>1,Link
35,20/06/2024,-,-,"Multiple threat actors including DoNot Team (a.k.a. APT-C-35, Brainworm, and Origami Elephant)","Organizations in the  United States, China, and Indonesia","Researchers from Check Point reveal that multiple threat actors, including cyber espionage groups, are employing an open-source Android remote administration tool called Rafel RAT, masquerading it as Instagram, WhatsApp, and various e-commerce and antivirus apps.",Targeted Attack,Multiple Industries,Cyber Espionage,CN ID US,Link
36,20/06/2024,'Over the past few weeks','Over the past few weeks',?,Multiple organizations,"Researchers from Sucuri reveal that multiple content management system (CMS) platforms like WordPress, Magento, and OpenCart have been targeted by a new credit card web skimmer called Caesar Cipher Skimmer.",Malicious script injection,Wholesale and retail,Cyber Crime,>1,Link
37,20/06/2024,01/05/2024,01/05/2024,,"Banking users in Canada, France, Italy, Spain, Turkey, the U.K., and the U.S.","Researchers from Cleafy discover an updated version of the Android banking trojan called Medusa (a.k.a. TangleBot) used to target users in Canada, France, Italy, Spain, Turkey, the U.K., and the U.S.",Malware,Finance and insurance,Cyber Crime,CA FR ES IT UK US,Link
38,20/06/2024,29/01/2024,15/04/2024,,Ventura County Credit Union,"An email account hack leads to a data breach at Ventura County Credit Union (VCCU). The incident impacts nearly 45,000 individuals.",Account Takeover,Finance and insurance,Cyber Crime,US,Link
39,20/06/2024,-,-,888,Undisclosed third-party of Accenture,"A threat actor named '888' claims to have extracted contact details of 33,000 current and former employees of Accenture in a breach that involves a third-party firm.",Unknown,"Professional, scientific and technical",Cyber Crime,IE,Link
40,21/06/2024,Since August 2023,'Recently',SneakyChef,"Government organizations in Angola, Turkmenistan, Kazakhstan, India, Abu Dhabi, Latvia","Researchers from Cisco Talos discover an ongoing campaign from SneakyChef, a newly discovered threat actor using SugarGh0st malware, as early as August 2023.",Targeted Attack,Multiple Industries,Cyber Espionage,AO IN KZ LV TM UAE,Link
41,21/06/2024,-,-,?,Individuals in Pakistan,"Researchers from Securonix discover a new phishing campaign targeting people in Pakistan using a custom backdoor dubbed PHANTOM#SPIKE, leveraging military-related phishing documents to activate the infection sequence.",Targeted Attack,Individual,Cyber Espionage,PK,Link
42,21/06/2024,From November 2017 to December 2022,-,?,Polish Central Anticorruption Bureau in Poland,The Polish prosecutors reveal to have seized Pegasus spyware systems from the Polish Central Anticorruption Bureau.,Targeted Attack,"Public admin and defence, social security",Cyber Espionage,PL,Link
43,21/06/2024,Since at least 21/06/2024,21/06/2024,?,Multiple organizations,Researchers from the Shadowserver foundation start observing Zyxel NAS CVE-2024-29973 RCE exploitation attempts by a Mirai-like botnet.,CVE-2024-29973 Vulnerability,Multiple Industries,Cyber Crime,>1,Link
44,21/06/2024,During January 2024,Since at least January 2024,Boolka,Multiple organizations,"Researchers from Group-IB unveil the operations of a threat actor known as Boolka, whose activities involve deploying a sophisticated malware named BMANAGER, and engaging in web attacks.",Malware,Multiple Industries,Cyber Crime,>1,Link
45,21/06/2024,Since at least end of May 2024,End of May 2024,?,Multiple organizations in South Korea,Researchers from AhnLab discover a new campaign distributing the loader named DBatLoader (aka ModiLoader and NatsoLoader) through invoice-themed phishing emails.,Malware,Multiple Industries,Cyber Crime,KR,Link
46,21/06/2024,-,-,?,Multiple organizations in South Korea,"Researchers from AhnLab discover a campaign distributing of a new type of malware, dubbed InnoSetup, disguised as cracks and commercial tools.",Malware,Multiple Industries,Cyber Crime,KR,Link
47,21/06/2024,Since November 2023,Since November 2023,Multiple threat actors,Japan Aerospace Exploration Agency (JAXA),The Japanese space agency JAXA has been hit by a series of cyberattacks since it reported a cyber incident during November 2023.,>1,"Professional, scientific and technical",N/A,JP,Link
48,21/06/2024,13/06/2024,13/06/2024,?,Levi Strauss & Co.,"Clothing company Levi Strauss informs 72,000 customers that their passwords have been reset after it detected a credential stuffing attack on their account. Attackers may have obtained information such as name, address, email address, order history, and possibly partial payment card information.",Credential Stuffing,Manufacturing,Cyber Crime,US,Link
49,21/06/2024,-,22/04/2024,INC,Pinnacle Orthopaedics & Sports Medicine Specialists,Pinnacle Orthopaedics & Sports Medicine Specialists is hit with an INC ransomware attack.,Ransomware,Human health and social work,Cyber Crime,US,Link
50,22/06/2024,Since at least 06/06/2024,-,?,Multiple organizations,"Researchers from Elastic uncover a new infection technique leveraging Microsoft Console (MSC) files, referred as GrimResource, allowing attackers to gain full code execution after a user clicks on a specially crafted MSC file.",Malware,Multiple Industries,Cyber Crime,>1,Link
51,22/06/2024,22/06/2024,22/06/2024,?,BtcTurk,"Turkey’s biggest cryptocurrency market BtcTurk says that their exchange had been hacked, with the assets stolen possibly amounting to nearly 51 million euros.",Unknown,Fintech,Cyber Crime,TR,Link
52,23/06/2024,21/06/2024,21/06/2024,Threat actors from North Korea (Lazarus Group),CoinStats,"CoinStats reveals to have suffered a massive security breach that compromised 1,590 cryptocurrency wallets, draining over $2 million in virtual assets, with the attack suspected to have been carried out by North Korean threat actors.",Unknown,Fintech,Cyber Crime,AM,Link
53,23/06/2024,-,-,?,Jollibee Group,The Jollibee Group begins investigates a cybersecurity incident that may have compromised the records of millions of customers.,Unknown,Accommodation and food service,Cyber Crime,PH,Link
54,24/06/2024,Between November 2023 and April 2024.,'Recently',RedJuliett (a.k.a. Flax Typhoon and Ethereal Panda),"94 organizations in Taiwan, Laos, Kenya, and Rwanda","Researchers from Recorded Future discover a likely China-linked state-sponsored threat actor, dubbed RedJuliett, linked to a cyber espionage campaign targeting government, academic, technology, and diplomatic organizations in multiple countries including Taiwan.",Targeted Attack,Multiple Industries,Cyber Espionage,KE LA RW TW,Link
55,24/06/2024,-,-,?,Multiple organizations,"Researchers from Hyas discover a StealC & Vidar malware campaign, using the Steam gaming platform as the command and control infrastructure.",Malware,Multiple Industries,Cyber Crime,US,Link
56,24/06/2024,22/06/2024,22/06/2024,?,Multiple organizations,Researchers from Defiant reveal that multiple WordPress plugins have been backdoored to inject malicious code that makes it possible to create rogue administrator accounts with the aim of performing arbitrary actions.,Malicious code injection,Multiple Industries,Cyber Crime,>1,Link
57,24/06/2024,20/06/2024,20/06/2024,Brain Cipher,Indonesia's Temporary National Data Center,"The Indonesian National Cyber and Encryption Agency (BSSN) reveals that the Brain Cipher ransomware disrupted the Temporary National Data Center server, affecting the operations of 210 government institutions, including immigration services at Soekarno-Hatta International Airport.",Ransomware,"Public admin and defence, social security",Cyber Crime,ID,Link
58,24/06/2024,-,-,Andariel,Multiple organizations in South Korea,Researchers from AhnLab reveal that a South Korean ERP vendor's product update server has been attacked and used to deliver the backdoors named HotCroissant and Riffdoor and the Xctdoor malware.,Targeted Attack,Multiple Industries,Cyber Espionage,KR,Link
59,24/06/2024,23/05/2024,18/06/2024,?,Any.Run,The malware analysis service Any.Run shares details on a recent phishing attack targeting its employees.,Account Takeover,"Professional, scientific and technical",Cyber Crime,UAE,Link
60,24/06/2024,Between 10/05/2024 and 12/05/2024,Between 10/05/2024 and 12/05/2024,CopyCop,Audience in the U.S.,"Researchers from Recorded Future reveal that CopyCop, a likely Russian government-aligned influence network, has shifted its focus to the 2024 US elections, using AI and inauthentic websites.",Coordinated Inauthentic Behavior,Individual,Cyber Warfare,US,Link
61,24/06/2024,During May 2024,During May 2024,Sp1d3r,Neiman Marcus,"High-end department store Neiman Marcus discloses a data breach, shortly before the threat actor 'Sp1d3r' offered to sell information belonging to millions of the company’s customers. The hack impacted 64,000 users and is likely part of the massive SnowFlake campaign.",Account Takeover,Wholesale and retail,Cyber Crime,US,Link
62,24/06/2024,-,-,?,Healthcare and public health organizations in the U.S.,The Federal Bureau of Investigation (FBI) and the Department of Health and Human Services (HHS) issue a joint security advisory to warn healthcare and public health organizations about attacks involving social engineering and phishing.,Account Takeover,Human health and social work,Cyber Crime,US,Link
63,25/06/2024,Since 23/06/2024,23/06/2024,?,Multiple organizations,"Researchers from Cado Security reveal that the P2PInfect, originally a dormant peer-to-peer malware botnet with unclear motives, has finally come alive to deploy a ransomware module and a cryptominer in attacks on Redis servers.",Malware,Multiple Industries,Cyber Crime,>1,Link
64,25/06/2024,-,-,?,Telegram users,"Researchers from K7 Security Labs discover a campaign, distributing a bogus Telegram app via phony websites to install an Android malware dubbed SpyMax.",Malware,Individual,Cyber Crime,>1,Link
65,25/06/2024,Since 23/06/2024,23/06/2024,?,Cryptocurrency investors in the U.S.,The FBI warns of cybercriminals posing as law firms and lawyers that offer cryptocurrency recovery services to victims of investment scams and steal funds and personal information.,Scam,Fintech,Cyber Crime,US,Link
66,25/06/2024,-,-,?,Multiple organizations,"Researchers from Fortinet discover a new Mirai variant botnet dubbed ""UNSTABLE"" targeting the JAWS Webserver vulnerabilities CVE-2016-20016, CVE-2018-10561/10562, and CVE-2017-17215.",Malware,Multiple Industries,Cyber Crime,>1,Link
67,25/06/2024,Since at least 25/06/2024,25/06/2024,?,Multiple organizations,"Researchers from the Shadowserver Foundation reveal the CVE-2024-5806, a high-severity security vulnerability in Progress Software's MOVEit Transfer software is being actively exploited in the wild just hours after it was made public.",CVE-2024-5806 Vulnerability,Multiple Industries,Cyber Crime,>1,Link
68,25/06/2024,'Recently','Recently',UAC-0184,Multiple organizations in Ukraine,"Researchers from Cyble discover a campaign carried out by Russian threat actors from UAC-0184, targeting organizations in Ukraine with the XWorm RAT.",Targeted Attack,Multiple Industries,Cyber Espionage,UA,Link
69,25/06/2024,'Recently','Recently',Multiple threat actors,Multiple organizations,Researchers from GreyNoise discover attempts to exploit the critical vulnerability CVE-2024-0769 (CVSS score 9.8) impacting all D-Link DIR-859 WiFi routers.,CVE-2024-0769 Vulnerability,Multiple Industries,N/A,>1,Link
70,25/06/2024,Since February 2024,-,Chinese threat actors,Multiple organizations,"Researchers from Sansec reveal that over 100,000 sites are impacted in a supply chain attack by the Polyfill.io service after a Chinese company acquired the domain and the script was modified to redirect users to malicious and scam sites.",Malicious script injection,Multiple Industries,Cyber Crime,>1,Link
71,25/06/2024,Since at least February 2024,17/06/2024,8220 Gang a.k.a. Water Sigbin,Multiple organizations,Researchers from QiAnXin XLab detail a new installer tool used by the 8220 Gang called k4spreader since at least February 2024 to deliver the Tsunami DDoS botnet and the PwnRig mining program.,Malware,Multiple Industries,Cyber Crime,>1,Link
72,25/06/2024,22/06/2024,22/06/2024,?,South Africa’s National Health Laboratory Service,South Africa’s National Health Laboratory Service (NHLS) confirms to be dealing with a ransomware attack.,Ransomware,Human health and social work,Cyber Crime,ZA,Link
73,25/06/2024,16/05/2024,16/05/2024,Lazarus Group,Alex Lab,Bitcoin decentralized finance protocol Alex Lab says that a $4 million exploit it suffered last month is likely linked to North Korea Lazarus Group.,Account Takeover,Fintech,Cyber Crime,N/A,Link
74,26/06/2024,Between 2021 and 2023,Between 2021 and 2023,ChamelGang a.k.a. CamoFei,Multiple government and critical infrastructure sectors,"Researchers from Sentinel One and Recorded Future shed light on ChamelGang, a Chinese cyberespionage groups using ransomware as a tactic to make attack attribution more challenging, distract defenders, or for a financial reward as a secondary goal to data theft.",Ransomware,Multiple Industries,Cyber Espionage,>1,Link
75,26/06/2024,26/06/2024,26/06/2024,,Banking customers in Southeast Asia,"Researchers from Promon discover Snowblind, a novel Android malware strain  used to target banking customers in Southeast Asia, leading to financial losses and fraud.",Malware,Finance and insurance,Cyber Crime,>1,Link
76,26/06/2024,During June 2024,During June 2024,?,Multiple organizations,"Researchers from ReversingLabs discover a malicious npm package, dubbed legacyreact-aws-s3-typescript, targeting AWS users.",Malware,Multiple Industries,Cyber Crime,>1,Link
77,26/06/2024,-,-,Unknown threat actor(s),Unknown organization(s),The U.S. Cybersecurity and Infrastructure Security Agency (CISA) adds the CVE-2022-24816 GeoSolutionsGroup JAI-EXT Code Injection vulnerability to its Known Exploited Vulnerabilities catalog.,CVE-2022-24816 Vulnerability,Unknown,N/A,US,Link
78,26/06/2024,-,-,26/06/2024,Unknown organization(s),The U.S. Cybersecurity and Infrastructure Security Agency (CISA) adds the CVE-2022-2586 Linux Kernel Use-After-Free vulnerability to its Known Exploited Vulnerabilities catalog.,CVE-2022-2586 Vulnerability,Unknown,N/A,US,Link
79,26/06/2024,-,-,26/06/2024,Unknown organization(s),The U.S. Cybersecurity and Infrastructure Security Agency (CISA) adds the CVE-2020-13965 Roundcube Webmail Cross-Site Scripting (XSS) vulnerability to its Known Exploited Vulnerabilities catalog.,CVE-2022-13965 Vulnerability,Unknown,N/A,US,Link
80,26/06/2024,During Q1 2024,During Q1 2024,Dragon Bridge,Audience in Taiwan,"Google reveals to have blocked over 10,000 instances of Dragon Bridge activity in Q1 2024, a China-affiliated influence operator that pushes pro-People’s Republic of China (PRC) views online.",Coordinated Inauthentic Behavior,Individual,Cyber Warfare,TW,Link
81,26/06/2024,01/03/2024,01/03/2024,,"Banking Customers in the U.S., Italy, Germany, U.K., France, UAE, Switzerland, Republic of Korea, Australia, Sweden","Researchers from ThreatFabric discover a new Android malware campaign, pushing the Anatsa banking trojan to target banking customers in multiple countries.",Malware,Finance and insurance,Cyber Crime,AU CH DE FR IT KR SE UK US,Link
82,26/06/2024,-,-,Kimsuky,Multiple organizations in South Korea,"Researchers from AhnLab discover a new campaign by the North Korean threat actors Kimsuky, actively using the new “HappyDoor” malware.",Targeted Attack,Multiple Industries,Cyber Espionage,KR,Link
83,26/06/2024,26/06/2024,26/06/2024,LockBit,Evolve Bank & Trust,"Evolve Bank & Trust confirms that hackers stole customer information and posted it on the dark web. A LockBit ransomware affiliated is suspected of the attack. Evolve customers like Wise, Affirm, and Mercury are also impacted by the breach.",Ransomware,Finance and insurance,Cyber Crime,US,Link
84,26/06/2024,23/10/2023,03/11/2023,?,The Ambulatory Surgery Center of Westchester,"The Mount Kisco Surgery Center LLC d/b/a The Ambulatory Surgery Center of Westchester (""ASCW"") discloses a security breach after the compromise of an employee's email.",Account Takeover,Human health and social work,Cyber Crime,US,Link
85,26/06/2024,-,05/05/2024,?,Palomar Health Medical Group,Palomar Health Medical Group’s (PHMG) phones and computer systems are still down after “suspicious activities” nearly two months ago.,Unknown,Human health and social work,Cyber Crime,US,Link
86,27/06/2024,24/06/2024,27/06/2024,?,Multiple organizations,Researchers from Malwarebytes observe a new campaign distributing the Poseidon stealer targeting Mac users via malicious Google ads for the Arc browser.,Malware,Multiple Industries,Cyber Crime,>1,Link
87,27/06/2024,Since at least early March 2024,Early March 2024,Kimsuky,"South Korean academia, specifically those focused on North Korean political affairs","Researchers from Zscaler reveal that the North Korea-linked threat actor known as Kimsuky has been linked to the use of a new malicious Google Chrome extension, dubbed TRANSLATEXT, that's designed to steal sensitive information as part of an ongoing intelligence collection effort.",Targeted Attack,Education,Cyber Espionage,KR,Link
88,27/06/2024,-,26/06/2024,"APT29 (a.k.a. NOBELIUM, Dark Halo, StellarParticle, UNC2452, The Dukes, Cozy Bear, CozyDuke, UNC3524, Midnight Blizzard)",Teamviewer,"TeamViewer, the company that makes widely used remote access tools for companies, confirms an ongoing cyberattack on its corporate network carried out by the Russian state-sponsored actor APT29",Account Takeover,Information and communication,Cyber Espionage,DE,Link
89,27/06/2024,-,-,Unfurling Hemlock,"Multiple organizations in the U.S., Germany, Russia, Turkey, India, and Canada","Researchers from Outpost24 reveal the details of a threat actor tracked as Unfurling Hemlock, infecting target systems with up to ten pieces of malware at the same time in campaigns that distribute hundreds of thousands of malicious files with a so-called ""malware cluster bomb"".",Malware,Multiple Industries,Cyber Crime,CA DE IN RU TR US,Link
90,27/06/2024,'During the last 90 days','During the last 90 days',Storm-1101 a.k.a. DEV-1101,"Multiple organizations in the government, banking, and healthcare space","Researchers from Menlo Security discover LegalQloud, Eqooqp, and Boomer, discover three novel credential-phishing campaigns from state-sponsored actors compromising at least 40,000 corporate users — including top-level executives",Account Takeover,Multiple Industries,Cyber Espionage,>1,Link
91,27/06/2024,'Recently','Recently',?,"Multiple organizations in Canada, India, Poland, and the U.S.","Researchers from Fortinet discover an unknown threat actor exploiting CVE-2021-40444, a now-patched security flaw in Microsoft MSHTML to deliver a surveillance tool called MerkSpy as part of a campaign primarily targeting users in Canada, India, Poland, and the U.S.",Targeted Attack,Multiple Industries,Cyber Espionage,CA IN PL US,Link
92,27/06/2024,End of June 2024,End of June 2024,?,Multiple organizations,"Researchers from SonicWall discover a campaign distributing the Orcinius malware, and using Dropbox and Google Docs to download second-stage payloads and stay updated.",Malware,Multiple Industries,Cyber Crime,>1,Link
93,27/06/2024,26/06/2024,26/06/2024,?,Multiple organizations,"Researchers from Sansec reveal that the critical vulnerability called CosmicSting (CVE-2024-34102) impacting around 75% of Adobe Commerce and Magento e-commerce sites, is currently exploited in the wild.",CVE-2024-34102 Vulnerability,Wholesale and retail,Cyber Crime,>1,Link
94,27/06/2024,26/06/2024,26/06/2024,?,Telecommunication providers in Crimea,Local authorities in Crimea warn of internet disruptions from distributed denial-of-service (DDoS) attacks targeting telecommunication providers.,DDoS,Information and communication,Cyber Warfare,UA,Link
95,27/06/2024,-,-,LockBit,"University Hospital Centre in Zagreb, a.k.a. KBC Zagreb","The LockBit ransomware gang claims responsibility for a cyberattack on Croatia’s largest hospital, which forces it to shut down IT systems for a day.",Ransomware,Human health and social work,Cyber Crime,HR,Link
96,27/06/2024,13/05/2024,13/05/2024,?,Landmark Admin,"Life insurance company Landmark Admin sends notifications to an unknown number of individuals about a data breach impacting personal, medical, and insurance information.",Unknown,Administration and support service,Cyber Crime,US,Link
97,28/06/2024,Since late 2023,-,?,Multiple organizations in Israel,"Researchers from HarfangLab discover Supposed Grasshopper, a campaign targeting various Israeli entities with publicly-available frameworks like Donut and Sliver, and leveraging target-specific infrastructure and custom WordPress websites as a payload delivery mechanism.",Malware,Multiple Industries,N/A,IL,Link
98,28/06/2024,Since May 2024,During May 2024,?,Multiple organizations in South Korea,"Researchers from AhnLab discover a campaign exploiting the CVE-2024-23692 vulnerability, targeting older versions of the Rejetto HTTP File Server (HFS) to drop malware and cryptocurrency mining software.",CVE-2024-23692 Vulnerability,Multiple Industries,Cyber Crime,KR,Link
99,28/06/2024,18/06/2024,28/06/2024,?,Multiple organizations,"Installers for three different software products (Notezilla, RecentX, and Copywhiz) developed by an Indian company named Conceptworld have been trojanized to distribute information-stealing malware.",Malware,Multiple Industries,Cyber Crime,IN,Link
100,28/06/2024,-,Early June 2024,BlackSuit,Kadokawa,Japanese media giant Kadokawa confirms that some of its data was leaked in a ransomware attack early June 2024. The BlackSuit ransomware gang claims responsibility for the attack.,Ransomware,Information and communication,Cyber Crime,JP,Link
101,28/06/2024,-,31/05/2024,ShinyHunters,Ticketek Entertainment Group,The threat actor ShinyHunters claims on a hacking forum the theft of information pertaining to 30 millions of Ticketek Entertainment Group (TEG) users. The breach is likely due to the SnowFlake campaign.,Account Takeover,"Arts entertainment, recreation",Cyber Crime,AU,Link
102,28/06/2024,-,-,?,Hubspot,Enterprise software vendor HubSpot says it’s “actively investigating and blocking attempts” to hack into customer accounts and warned that at least 50 HubSpot targets have already been breached.,Unknown,"Professional, scientific and technical",Cyber Crime,US,Link
103,28/06/2024,-,-,?,Domestic flight in Australia,The AFP charges an Australian man (42) with operating a fake Wi-Fi access point on a domestic flight to steal user credentials and data.,Evil Twin Wi-Fi,Transportation and storage,Cyber Crime,AU,Link
104,28/06/2024,-,01/11/2023,?,Bloom Health Centers,"Psych Associates of Maryland LLC d/b/a Bloom Health Centers (""Bloom Health"") discloses a security breach after the compromise of an employee's email.",Account Takeover,Human health and social work,Cyber Crime,US,Link
105,28/06/2024,14/03/2024,15/03/2024,?,Human Technology,Human Technology discloses a security incident.,Unknown,Manufacturing,Cyber Crime,US,Link
106,28/06/2024,23/03/2024,-,dAn0n,Pediatric Urology Associates,Pediatric Urology Associates is allegedly hit with a dAn0n ransomware attack.,Ransomware,Human health and social work,Cyber Crime,US,Link
