ID,Date Reported,Date Occurred,Date Discovered,Author,Target,Description,Attack,Target Class,Attack Class,Country,Link
1,01/07/2024,During April 2024,During April 2024,Velvet Ant,Undisclosed organization,"Researchers from Cisco and Sygnia publish advisories about CVE-2024-20399, a vulnerability affecting the Cisco NX-OS software used for the Nexus-series switches and exploited by the Chinese threat actor Velvet Ant.",CVE-2024-20399 Vulnerability,Unknown,Cyber Espionage,N/A,Link
2,01/07/2024,-,During April 2024,"Transparent Tribe (a.k.a. APT 36, Operation C-Major)",Individuals in India,"Researchers from Sentinel One discover a new campaign by the Pakistani threat actor Transparent Tribe, targeting individuals associated with the Indian government as mobile gamers, weapons enthusiasts, and TikTok fans via the Android CapraRAT.",Targeted Attack,"Public admin and defence, social security",Cyber Espionage,IN,Link
3,01/07/2024,'During the past two weeks','During the past two weeks',Volcano Demon,Organizations in the manufacturing and logistics industries,"Researchers from Halcyon discover Volcano Demon, a new ransomware group targeting organizations in manufacturing and logistics via an encryptor dubbed LukaLocker.",Ransomware,Multiple Industries,Cyber Crime,>1,Link
4,01/07/2024,30/06/2024,30/06/2024,?,Mercku,"The helpdesk portal of Mercku, a router maker, is sending MetaMask phishing emails in response to newly filed support tickets, in what appears to be a compromise.",Unknown,Manufacturing,Cyber Crime,CA,Link
5,01/07/2024,29/06/2024,29/06/2024,,Patelco Credit Union,Patelco Credit Union discloses it experienced a ransomware attack that led to the proactive shutdown of several of its customer-facing banking systems to contain the incident's impact.,Ransomware,Finance and insurance,Cyber Crime,US,Link
6,01/07/2024,31/05/2024,31/05/2024,Threat actors from Russia,Polish Press Agency,"Polish prosecutors investigate a suspected Russian cyberattack on the country’s state news agency Polish Press Agency (PAP) spreading disinformation with fake news claiming the country’s authorities had announced a partial mobilization of 200,000 men who were to be sent to fight in a war in Ukraine.",Defacement,Information and communication,Cyber Warfare,PL,Link
7,01/07/2024,-,-,Monti,Wayne Memorial Hospital,The Monti ransomware gang claims to have breached Wayne Memorial Hospital in Pennsylvania and adds it to their Tor leak site.,Ransomware,Human health and social work,Cyber Crime,US,Link
8,01/07/2024,06/05/2024,03/06/2023,?,EqualizeRCM,"SysInformation Healthcare Services, LLC (""SysInformation""), d/b/a EqualizeRCM discloses a ransomware attack.",Ransomware,"Professional, scientific and technical",Cyber Crime,US,Link
9,01/07/2024,13/06/2023,01/02/2024,?,Florida Community Health Centers,"Florida Community Health Centers (FCHC) discloses to have suffered a ransomware attack affecting nearly 300,000 people.",Ransomware,Human health and social work,Cyber Crime,US,Link
10,02/07/2024,During 2024,During 2024,Multiple threat actors,Multiple organizations,"Researchers from Sekoia discover multiple FakeBat (a.k.a. EugenLoader, PaykLoader) distribution campaigns, typically leveraging landing pages impersonating legitimate software and are spread via malvertising, fake web browser updates on compromised websites, and social engineering schemes on social networks.",Malware,Multiple Industries,Cyber Crime,>1,Link
11,02/07/2024,Mid-May 2024,Mid-May 2024,?,OVHcloud,"OVHcloud, says it mitigated a record-breaking distributed denial of service (DDoS) attack earlier this year, allegedly launched from a botnet of MilkroTik devices, which reached an unprecedented packet rate of 840 million packets per second (Mpps).",DDoS,Information and communication,Cyber Crime,FR,Link
12,02/07/2024,-,-,Multiple threat actors,Undisclosed organization(s) in the U.S.,"The U.S. Cybersecurity and Infrastructure Security Agency (CISA) adds the Cisco NX-OS Command Injection Vulnerability CVE-2024-20399, to its Known Exploited Vulnerabilities (KEV) catalog.",CVE-2024-20399 Vulnerability,Unknown,N/A,US,Link
13,02/07/2024,23/06/2024,23/06/2024,?,Ethereum users,"A threat actor compromised Ethereum's mailing list provider and sent to over 35,000 addresses a phishing email with a link to a malicious site running a crypto drainer.",Account Takeover,Fintech,Cyber Crime,>1,Link
14,02/07/2024,-,-,LockBit,Fairfield Memorial Hospital,The LockBit ransomware gang claims to have breached Fairfield Memorial Hospital in Illinois and adds it to their Tor leak site.,Ransomware,Human health and social work,Cyber Crime,US,Link
15,02/07/2024,Earlier in 2024,Earlier in 2024,?,HealthEquity,Healthcare fintech firm HealthEquity discloses a data breach after a partner’s compromised account was used to access its systems. The intruders were able to steal protected health information from the company systems.,Account Takeover,Fintech,Cyber Crime,US,Link
16,03/07/2024,-,45470,ShinyHunters,Twilio Authy,"Twilio confirms that an unsecured API endpoint allowed threat actors to verify the phone numbers of millions of Authy multi-factor authentication users, potentially making them vulnerable to SMS phishing and SIM swapping attacks.",Unsecure API Endpoint,"Professional, scientific and technical",Cyber Crime,US,Link
17,03/07/2024,03/07/2024,03/07/2024,,Androind banking users,"Researchers from Zscaler discover another malicious Android app with over 1000 downloads, disguised as a QR reader and file manager, but actually being a malware loader for the Anatsa banking trojan.",Malware,Finance and insurance,Cyber Crime,>1,Link
18,03/07/2024,Since 16/03/2024,16/03/2024,Eldorado,Multiple organizations,"Researchers from Group-IB discover a new ransomware-as-a-service (RaaS) called Eldorado, coming with locker variants for VMware ESXi and Windows.",Ransomware,Multiple Industries,Cyber Crime,>1,Link
19,03/07/2024,-,-,"Mallox (a.k.a. Fargo, TargetCompany, and Mawahelper)",Multiple organizations,"Researchers from Uptycs discover a new variant of the Mallox ransomware, targeting Linux systems using a custom encryption and a builder web panel.",Ransomware,Multiple Industries,Cyber Crime,>1,Link
20,03/07/2024,Since at least 26/05/2024,26/05/2024,?,Multiple organizations,"Researchers from Phylum reveal that unknown threat actors have been found propagating trojanized versions of jQuery on npm, GitHub, and jsDelivr in what appears to be an instance of a ""complex and persistent"" supply chain attack.",Malware,Multiple Industries,Cyber Crime,>1,Link
21,03/07/2024,'Recently','Recently',?,FIA (Fédération Internationale de l'Automobile),FIA (Fédération Internationale de l'Automobile) says attackers gained access to personal data after compromising several FIA email accounts in a phishing attack.,Account Takeover,Extraterritorial orgs and bodies,Cyber Crime,FR,Link
22,03/07/2024,17/06/2024,17/06/2024,?,Alabama State Department of Education,The Alabama State Department of Education says it stopped a ransomware attack last month but threat actors were still able to access some data and disrupt services.,Ransomware,Education,Cyber Crime,US,Link
23,03/07/2024,29/06/2024,29/06/2024,?,Roll20,"Roll20, a popular online tabletop platform for role-playing games (RPGs), reveals that its systems were breached.",Account Takeover,"Arts entertainment, recreation",Cyber Crime,N/A,Link
24,03/07/2024,-,24/05/2024,Akira,Louisiana Special School District,Louisiana Special School District suffers an Akira ransomware attack.,Ransomware,Education,Cyber Crime,US,Link
25,03/07/2024,-,-,RansomHub,Florida Department of Health,The RansomHub ransomware group claims it breached the Florida Department of Health and gained access to a large amount of potentially sensitive data (100 GB) on Floridians.,Ransomware,Human health and social work,Cyber Crime,US,Link
26,03/07/2024,05/04/2024,-,?,Solano County,"Nearly three months after a ransomware attack disrupted phone lines, computer services and Wi-Fi across Solano County's public libraries, systems are still down.",Ransomware,"Public admin and defence, social security",Cyber Crime,US,Link
27,03/07/2024,19/06/2024,-,?,Cedar Falls,Cedar Falls officials are investigating a ransomware event that was detected in June 2024.,Ransomware,"Public admin and defence, social security",Cyber Crime,US,Link
28,03/07/2024,-,-,?,Bittensor,Developers of the decentralized artificial intelligence project Bittensor temporarily suspend its blockchain network following a suspected security exploit involving user wallets.,Leaked private keys,Fintech,Cyber Crime,CA,Link
29,04/07/2024,04/07/2024,04/07/2024,,Financial organizations in Latin America,"Researchers from Trend Micro observe a surge in cyber attacks distributing the Mekotio (a.k.a. Melcoz) malware, and targeting financial organizations in Latin America.",Malware,Finance and insurance,Cyber Crime,>1,Link
30,04/07/2024,-,-,?,Individuals in India,"The Indian government issues a high severity alert to the public over several fake and fraudulent emails making allegations of child pornography, pedophilia, cyber pornography, sexually explicit exhibit, grooming etc. levelled against the receivers of the said e-mails.",Scam,Individual,Cyber Crime,IN,Link
31,04/07/2024,During 2023,During 2023,?,OpenAI,"The New York Times reveals that OpenAI suffered a security breach in 2023, but the company says source code and customer data were not compromised.",Unknown,"Professional, scientific and technical",Cyber Crime,US,Link
32,04/07/2024,-,-,?,Multiple organizations,"Researchers at Dr.WEB discover a Linux variant of the Remote Access Trojan (RAT) called TgRat, leveraging a private Telegram chat to control the malware.",Malware,Multiple Industries,Cyber Crime,>1,Link
33,05/07/2024,09/05/2024,09/05/2024,Turla (a.k.a. Uroburos),Undisclosed organization,Researchers from G Data discover a new campaign by the Russian cyber espionage group Turla using malicious shortcut files to deploy a fileless backdoor into the system.,Targeted Attack,Unknown,Cyber Espionage,N/A,Link
34,05/07/2024,-,-,Hive0127 (a.k.a. UNC2565),Multiple organizations,Researchers from Cybereason reveal that the malware known as GootLoader continues to be in active use by threat actors looking to deliver additional payloads to compromised hosts.,Malware,Multiple Industries,Cyber Crime,>1,Link
35,05/07/2024,'Recently','Recently',?,Multiple organizations,Researchers from Wordfence discover a new version of the WordFence Evasion malware.,Maliciuos script injection,Multiple Industries,Cyber Crime,>1,Link
36,05/07/2024,'Recently','Recently',?,"Multiple organizations in several countries including Spain, the U.S., and Australia.",Researchers from Cyble discover an active campaign exploiting the Microsoft SmartScreen vulnerability (CVE-2024-21412).,CVE-2024-21412 Vulnerability,Multiple Industries,Cyber Crime,AU ES US Other countries,Link
37,05/07/2024,-,-,?,FNTech,"Roblox announces that it suffered a data breach impacting attendees of the 2022, 2023, and 2024 Roblox Developer Conference attendees, after a vendor, FNTech, is compromised.",Unknown,Administration and support service,Cyber Crime,US,Link
38,05/07/2024,-,02/07/2024,DragonForce,Elite Fitness,"The DragonForce ransomware group says on its leak site that it stole 5.31 gigabytes of data from Elite Fitness, New Zealand's leading fitness equipment retailer.",Ransomware,Wholesale and retail,Cyber Crime,NZ,Link
39,07/07/2024,-,-,888,Undisclosed app,"E-commerce platform Shopify denies it suffered a data breach after a threat actor with the moniker of 888 begins selling customer data they claim was stolen from the company's network. According to Shopify, the data loss reported was caused by a third-party app.",Unknown,"Professional, scientific and technical",Cyber Crime,N/A,Link
40,08/07/2024,Since at least 02/07/2024,Since at least 02/07/2024,?,Multiple organizations,"Threat actors are actively exploiting a Ghostscript vulnerability, tracked as CVE-2024-29510, that can allow them to achieve remote code execution.",CVE-2024-29510 Vulnerability,Multiple Industries,Cyber Crime,>1,Link
41,08/07/2024,During May 2024,During May 2024,CloudSorcerer,Multiple organizations in Russia,"Researchers from Kaspersky discover a new advanced persistent threat (APT) group named CloudSorcerer, abusing public cloud services to steal data from Russian government organizations in cyberespionage attacks.",Targeted Attack,Multiple Industries,Cyber Espionage,RU,Link
42,08/07/2024,Since at least 20/05/2024,20/05/2024,?,Multiple organizations,"Researchers from Wordfence reveal that threat actors are trying to exploit CVE-2024-5441, a vulnerability in the Modern Events Calendar WordPress plugin that is present on more than 150,000 websites to upload arbitrary files to a vulnerable site and execute code remotely.",CVE-2024-5441 Vulnerability,Multiple Industries,Cyber Crime,>1,Link
43,08/07/2024,Since at least March 2024,During March 2024,Kimsuky,Multiple organizations in Japan,Japan's Computer Emergency Response Team Coordination Center (JPCERT/CC) warns that Japanese organizations are being targeted in attacks by the North Korean 'Kimsuky' threat actors.,Targeted Attack,Multiple Industries,Cyber Espionage,JP,Link
44,08/07/2024,06/07/2024,06/07/2024,?,Frankfurt University of Applied Sciences,The Frankfurt University of Applied Sciences announced on Monday it was targeted by “a serious hacker attack” that has led to a total shutdown of its IT systems.,Unknown,Education,Cyber Crime,DE,Link
45,08/07/2024,01/07/2024,01/07/2024,BlackSuit,Monroe County,Monroe County is hit with a BlackSuit ransomware attack.,Ransomware,"Public admin and defence, social security",Cyber Crime,US,Link
46,08/07/2024,During January 2024,During March 2024,"APT29 (a.k.a. NOBELIUM, Dark Halo, StellarParticle, UNC2452, The Dukes, Cozy Bear, CozyDuke, UNC3524, Midnight Blizzard)",U.S. Department of Veterans Affairs,The Microsoft Azure environment of the U.S. Department of Veterans Affairs was briefly compromised by Russian threat actors,Password-spray,"Public admin and defence, social security",Cyber Espionage,US,Link
47,09/07/2024,-,-,?,Individuals in Australia,Australia's Competition and Consumer Commission (ACCC) warns that scammers are targeting previous scams victims with fake offers to help them recover the lost amount.,Scam,Individual,Cyber Crime,AU,Link
48,09/07/2024,Since October 2019,During October 2022,Threat actor aligned with the Houthi rebels.,"450 miliary organizations in Yemen, Saudi Arabia, Egypt and Oman with a smaller number found in the United Arab Emirates, Turkey and Qatar.",Researchers from Lookout reveal that a threat actor which may be aligned with Houthi rebels in Yemen has been spying on military targets throughout the Middle East for half a decade via an Android surveillance tool called GuardZoo.,Targeted Attack,"Public admin and defence, social security",Cyber Espionage,AE EG OM QA SA TR YE,Link
49,09/07/2024,-,-,Multiple threat actors,Undisclosed organization(s) in the U.S.,"The U.S. Cybersecurity and Infrastructure Security Agency (CISA) adds the Rejetto HTTP File Server Vulnerability CVE-2024-23692, to its Known Exploited Vulnerabilities (KEV) catalog.",CVE-2024-23692 Vulnerability,Unknown,N/A,US,Link
50,09/07/2024,-,-,Multiple threat actors,Undisclosed organization(s) in the U.S.,"The U.S. Cybersecurity and Infrastructure Security Agency (CISA) adds the Microsoft Windows Hyper-V CVE-2024-38080, to its Known Exploited Vulnerabilities (KEV) catalog.",CVE-2024-38080 Vulnerability,Unknown,N/A,US,Link
51,09/07/2024,-,-,Multiple threat actors,Undisclosed organization(s) in the U.S.,"The U.S. Cybersecurity and Infrastructure Security Agency (CISA) adds the Microsoft Windows MSHTML CVE-2024-38112, to its Known Exploited Vulnerabilities (KEV) catalog.",CVE-2024-38112 Vulnerability,Unknown,N/A,US,Link
52,09/07/2024,'Recently','Recently',?,Android WhatsApp users in India,Researchers from Cyble observe observed a new campaign in which threat actors claiming to be from India’s Regional Transport Office (RTO) are targeting Indian WhatsApp users for phishing operations.,Malware,Individual,Cyber Crime,>1,Link
53,09/07/2024,-,-,"Affiliates of RT (formerly Russia Today), a Russian state-sponsored media organization",Audience in the U.S.,The U.S. federal authorities seize two web domains they said supported an artificial intelligence-driven disinformation network run by the Russian domestic intelligence agency and affiliates of a state-run propaganda broadcaster via an AI bot called Meliorator.,Coordinated Inauthentic Behavior,Individual,Cyber Warfare,US,Link
54,09/07/2024,-,-,?,Unspecified organization(s),Researchers from Trellix discover a campaign distributing the malware known as ViperSoftX as eBooks over torrents.,Malware,Unknown,Cyber Crime,N/A,Link
55,09/07/2024,24/06/204 and 02/07/2024,24/06/204 and 02/07/2024,APT17 a.k.a. DeputyDog,Italian companies and government entities,Researchers from TG Soft discover two campaigns by the China-linked threat actor APT17 targeting Italian companies and government entities using a variant of a known malware referred to as 9002 RAT.,Targeted Attack,Multiple Industries,Cyber Espionage,IT,Link
56,09/07/2024,During May 2024,During May 2024,OilAlpha,At least three humanitarian organizations in Yemen,"Researchers from Recorded Future discover that OilAlpha, a suspected pro-Houthi threat group targeted at least three humanitarian organizations in Yemen, including CARE International and the Norwegian Refugee Council, with Android spyware designed to harvest sensitive information.",Targeted Attack,Human health and social work,Cyber Espionage,YE,Link
57,09/07/2024,Between July and September 2022,Between July and September 2022,"APT 40 a.k.a. Kryptonite Panda, GINGHAM TYPHOON, Leviathan, and Bronze Mohawk",Undisclosed organization in Australia,A joint advisory from international cybersecurity agencies and law enforcement warns of the tactics used by the Chinese state-sponsored APT40 group citing a case where the attackers exploited a custom web application to establish a foothold in an Australian organization's network.,Vulnerability in a custom web application,Unknown,Cyber Espionage,AU,Link
58,09/07/2024,Between July and September 2022,Between July and September 2022,"APT 40 a.k.a. Kryptonite Panda, GINGHAM TYPHOON, Leviathan, and Bronze Mohawk",Undisclosed organization in Australia,A joint advisory from international cybersecurity agencies and law enforcement warns of the tactics used by the Chinese state-sponsored APT40 group citing a case where the attackers exploited a RCE flaws on a remote access login portal.,Vulnerability in a remote access login portal,Unknown,Cyber Espionage,AU,Link
59,09/07/2024,18/05/2024,24/05/2024,?,General Motors,"General Motors (GM) suffers what appears to be a credential stuffing attack, affecting 65 GM MyAccounts.",Credential Stuffing,Manufacturing,Cyber Crime,US,Link
60,10/07/2024,Since December 2023,Since December 2023,?,Russian-speaking users,"Researchers from QuoIntelligence reveal the details of Ticket Heist, a large-scale fraud campaign with over 700 domain names, likely targeting Russian-speaking users looking to purchase tickets for the Summer Olympics in Paris.",Scam,Individual,Cyber Crime,RU,Link
61,10/07/2024,During March and April 2024,During March and April  2024,?,"Multiple organizations in North America, Europe, and parts of Asia.",Researchers from Palo Alto shed light on a short-lived DarkGate malware campaign that leveraged Samba file shares to initiate the infections.,Malware,Multiple Industries,Cyber Crime,>1,Link
62,10/07/2024,08/07/2024,08/07/2024,Smishing Triad,Individuals in India,"Researchers from Resecurity discover a surge in fraudulent smishing attacks carried out by the Smishing Triad threat actor, and impersonating India Post, the government-operated postal system.",Account Takeover,Individual,Cyber Crime,IN,Link
63,10/07/2024,Since early April 2024,Since early April 2024,EstateRansomware,Multiple organizations,"Researchers from Group-IB discover a nascent ransomware operation known as EstateRansomware, exploiting CVE-2023-27532, a now-patched security flaw in Veeam Backup & Replication software.",Ransomware,Multiple Industries,Cyber Crime,>1,Link
64,10/07/2024,Since June 2024,During June 2024,Multiple threat actors,Multiple organizations,"Researchers from Akamai warn that multiple threat actors are exploiting the PHP vulnerability CVE-2024-4577 to deliver multiple malware families, including Gh0st RAT, RedTail cryptominers, and XMRig.",Malware,Multiple Industries,Cyber Crime,>1,Link
65,10/07/2024,Since at least April 2024,During April 2024,"FIN7 (a.k.a. Sangria Tempest, ATK32, Carbon Spider, Coreid, ELBRUS, G0008, G0046, and GOLD NIAGARA)",Multiple organizations,"Researchers from Silent Push discover a massive campaign by the FIN7 criminal group using more than 4000 domains and subdomains mimicking prominent global brands targeted, including Reuters, Meta and Microsoft.",Malware,Multiple Industries,Cyber Crime,>1,Link
66,10/07/2024,Since at least April 2024,During April 2024,"APT41 a.k.a. Barium, Wicked Panda, Wicked Spider and Earth Baku",Organizations in the Southeast Asian (SEA) region,Researchers from Zscaler discover a new campaign by the Chinese threat actor APT41 using a new loader dubbed DodgeBox and a backdoor named MoonWalk.,Targeted Attack,Multiple Industries,Cyber Espionage,>1,Link
67,10/07/2024,Between March and May 2024,Between March and May 2024,Multiple threat actors,Individuals,Researchers from Bitdefender reveal that Health-related scam campaigns powered by artificial intelligence and deepfake videos have been saturating Meta platforms and reaching millions of people worldwide.,Deepfake,Individual,Cyber Crime,>1,Link
68,10/07/2024,-,-,?,Individuals in India,"Apple warns Indian iPhone users of possible ‘mercenary spyware’ attack carried out via the Pegasus spyware. The victims include Iltija Mufti, daughter of and media adviser to the president of an Indian state political party, and the founder of the Delhi-based Samruddha Bharat Foundation Pushparaj Deshpande.",Targeted Attack,Individual,Cyber Espionage,IN,Link
69,10/07/2024,-,-,888,Undisclosed third-party contractor of Nokia and Microsoft,"A threat actor known as “888” leaks the personal and contact details of thousands of Nokia and Microsoft employees on the notorious cybercrime platform, Breach Forums. According to the attacker, both leaks resulted from data breaches at a third-party contractor.",Unknown,Unknown,Cyber Crime,N/A,Link
70,10/07/2024,-,10/07/2024,IntelBroker,Lulu Hypermarket,"Lulu Hypermarket experiences a data breach, exposing over 200,000 customer records. The attack, claimed by IntelBroker, includes personal details such as email addresses and phone numbers. The full database, allegedly containing millions of user and order details, might be leaked in the future.",Unknown,Wholesale and retail,Cyber Crime,AE,Link
71,11/07/2024,10/07/2024,10/07/2024,?,At least five Macau government websites,At least five Macau government websites are knocked offline by suspected foreign hackers for almost an hour.,DDoS,"Public admin and defence, social security",N/A,MO,Link
72,11/07/2024,Since August 2023,During Ocgober 2023,?,Multiple organizations,"Researchers from ReversingLabs discover a new wave of malicious packages to the NuGet package manager as part of an ongoing campaign that began in August 2023, while also adding a new layer of stealth to evade detection.",Malware,Multiple Industries,Cyber Crime,>1,Link
73,11/07/2024,Since February 2024,During February 2024,CRISTALRAY,"Over 1,500 organizations worldwide","Researchers from Sysdig reveal that the CRYSTALRAY threat actor have scaled their operations 10x to over 1,500 victims worldwide using mass scanning, exploiting multiple vulnerabilities, and placing backdoors with multiple OSS security tools.",>1,Multiple Industries,Cyber Crime,>1,Link
74,11/07/2024,-,-,?,Multiple organizations,"Researchers from McAfee uncover a malware delivery method dubbed “ClickFix,” which exploits user trust through compromised websites to deliver DakGate and Lumma Stealer malware variants. The ClickFix technique uses social engineering to trick users into executing malicious scripts.",Malware,Multiple Industries,Cyber Crime,>1,Link
75,11/07/2024,Since at least May 2022,01/09/2022,Doppelgänger,Audience in Europe,"Researchers at digital rights nonprofits Qurium and EU DisinfoLab uncover infrastructure located or registered in Europe that is used by the prolific Russian-language disinformation network dubbed Doppelgänger, as well as by cybercriminals.",Coordinated Inauthentic Behavior,Individual,Cyber Warfare,>1,Link
76,11/07/2024,09/07/2024,09/07/2024,?,Clay County,"Clay County, Indiana files a local disaster declaration following a ransomware attack.",Ransomware,"Public admin and defence, social security",Cyber Crime,US,Link
77,11/07/2024,During June 2024,During June 2024,Storm-1567 (a.k.a) Punk Spider and Gold Sahara),Undisclosed LATAM Airline,"Researchers from Blackberry reveal the details of a cyberattack carried out by the Akira ransomware group targeting a Latin American airline, carried out likely exploiting the Veeam backup server vulnerability CVE-2023-27532.",Ransomware,Transportation and storage,Cyber Crime,N/A,Link
78,11/07/2024,During May 2024,During May 2024,?,mSpy,"A data breach at the Zendesk customer support site of the phone surveillance operation mSpy exposes millions of its customers who bought access to the phone spyware app over the past decade, as well as the Ukrainian company behind it, Brainstack.",Unknown,"Professional, scientific and technical",Cyber Crime,UA,Link
79,11/07/2024,02/07/2024,09/07/2024,SiegedSec,The Heritage Foundation,"The hacktivist group “SiegedSec” claims responsibility for a data breach at the Heritage Foundation, stealing details of a potentially controversial “Project 2025.”",Unknown,"Professional, scientific and technical",Hacktivism,US,Link
80,11/07/2024,-,-,BlackSuit,Sibanye-Stillwater,"Mining giant Sibanye-Stillwater, one of the world’s biggest producers of platinum and gold, reveals that its global IT systems have suffered a cyberattack. The BlackSuit ransomware gang claims responsibility for the attack.",Ransomware,Mining and quarrying,Cyber Crime,ZA,Link
81,12/07/2024,Since at least 07/02/2024,07/02/2024,?,Spanish-speaking organizations in the mining sector,"Researchers from Cofense discover a new campaign targeting Spanish language victims, and delivering a new remote access trojan (RAT) called Poco RAT.",Malware,Mining and quarrying,Cyber Crime,>1,Link
82,12/07/2024,-,-,?,Multiple organizations,"Researchers from Malwarebytes discover a sophisticated malvertising campaign targeting Mac users searching for Microsoft Teams, and delivering the Atomic Stealer malware.",Malware,Multiple Industries,Cyber Crime,>1,Link
83,12/07/2024,Since 11/07/2024,11/07/2024,?,Organizations in the DeFi cryptocurrency space,"A wave of coordinated DNS hijacking attacks targets decentralized finance (DeFi) cryptocurrency domains using the Squarespace registrar, redirecting visitors to phishing sites hosting wallet drainers.",DNS Hijacking,Fintech,Cyber Crime,>1,Link
84,12/07/2024,-,-,ShadowRoot,Multiple organizations in Turkey,"Researchers from Forcepoint discover a new ransomware strain coined ""ShadowRoot"" targeting Turkish businesses through phishing attacks.",Ransomware,Multiple Industries,Cyber Crime,TR,Link
85,12/07/2024,14/04/2024,19/04/2024,?,AT&T,"AT&T warns of a massive data breach where threat actors stole the call logs for approximately 109 million customers, or nearly all of its mobile customers, from an online database on the company's Snowflake account.",Account Takeover,Information and communication,Cyber Crime,US,Link
86,12/07/2024,06/06/2024,06/06/2024,RansomHub,Rite Aid,"Pharmacy giant Rite Aid confirms a data breach after suffering a cyberattack in June, which was claimed by the RansomHub ransomware operation. The breach impacts 2.2 million customers.",Ransomware,Wholesale and retail,Cyber Crime,US,Link
87,12/07/2024,12/07/2024,12/07/2024,?,Dough Finance,Decentralized finance protocol Dough Finance loses $1.8 million in digital assets after threat actors executed a flash loan attack.,Flash loan,Fintech,Cyber Crime,N/A,Link
88,13/07/2024,-,12/07/2024,NullBulge,Disney,"A self-proclaimed hacktivist group named NullBulge, aiming to “protect artists’ rights and ensure fair compensation for their work,” claims to have breached Disney and leaks 1.2 TB of the company’s internal Slack infrastructure.",Unknown,"Arts entertainment, recreation",Hacktivism,US,Link
89,13/07/2024,During September 2023,-,?,Undisclosed victim,"Scam Sniffer reports that a crypto scammer returned $9.27 million in stablecoins to a victim, after stealing $24.23 million in various crypto assets (38.26% of the total stolen amount)",Account Takeover,Fintech,Cyber Crime,N/A,Link
90,14/07/2024,13/07/2024,Since at least 13/04/2024,?,Multiple organizations,"Researchers from Phylum discover img-aws-s3-object-multipart-copy and legacyaws-s3-object-multipart-copy, two fake AWS packages downloaded hundreds of times from the open source NPM JavaScript repository containing carefully concealed code that backdoored developers' computers when executed.",Malware,Multiple Industries,Cyber Crime,>1,Link
91,15/07/2024,Since at least 26/02/2024,Since at least 2024,"MuddyWater (a.k.a. Earth Vetala, MERCURY, Static Kitten, and Seedworm)",Multiple organizations,Researchers from Check Point discover a new campaign by the Iranian-backed MuddyWater group using a new custom-tailored malware implant called BugSleep.,Targeted Attack,Multiple Industries,Cyber Espionage,>1,Link
92,15/07/2024,-,-,HardBit,Multiple organizations,Researchers from Cybereason detail a new version of the HardBit ransomware that supports new obfuscation techniques to avoid detection.,Ransomware,Multiple Industries,Cyber Crime,>1,Link
93,15/07/2024,Since mid-May 2024,Mid-May 2024,?,Multiple organizations,Researchers from Barracuda uncover a range of phishing attacks that abuse legitimate URL protection services to conceal the malicious URL and trick unwary users into clicking on the link.,Account Takeover,Multiple Industries,Cyber Crime,>1,Link
94,15/07/2024,'Over the past two weeks','Over the past two weeks',SEXi,Multiple organizations,"The SEXi ransomware operation, known for targeting VMware ESXi servers, rebrands under the name APT INC and targets numerous organizations in recent attacks.",Ransomware,Multiple Industries,Cyber Crime,>1,Link
95,15/07/2024,Since at least mid-May 2024,Mid-May 2024,Void Banshee,"Multiple organizations in North America, Europe, and Southeast Asia","Researchers from Trend Micro reveal new details about Void Banshee, an APT group exploiting CVE-2024-38112, an unpatched Microsoft zero-day in a spear-phishing campaign to spread the Atlantida Stealer, which lifts system information and sensitive data such as passwords and cookies from various applications.",CVE-2024-38112 Vulnerability,Multiple Industries,Cyber Crime,>1,Link
96,15/07/2024,'Recently','Recently',?,Multiple organizations,Researchers from Trustwave discover a campaign where Cybercriminals use Facebook business pages and advertisements to promote fake Windows themes that infect unsuspecting users with the SYS01 password-stealing malware.,Malware,Multiple Industries,Cyber Crime,>1,Link
97,15/07/2024,During Q2 2024,During Q2 2024,Scattered Spider a.k.a. Octo Tempest,Multiple organizations,Researchers from Microsoft reveal that the financially motivated threat actor Octo Tempest. added the RansomHub and Qilin to its ransomware payloads in campaigns.,Ransomware,Multiple Industries,Cyber Crime,>1,Link
98,15/07/2024,-,-,Multiple threat actors,Undisclosed organization(s) in the U.S.,"The U.S. Cybersecurity and Infrastructure Security Agency (CISA) added an OSGeo GeoServer GeoTools eval injection vulnerability, tracked as CVE-2024-36401 (CVSS score of 9.8), to its Known Exploited Vulnerabilities (KEV) catalog.",CVE-2024-36401 Vulnerability,Unknown,N/A,US,Link
99,15/07/2024,During July 2024,During July 2024,Threat actors from North Korea,Job seekers in multiple countries,"Researchers from Objective-See discover an updated variant of BeaverTail, a known stealer malware that attackers affiliated with the Democratic People's Republic of Korea (DPRK) have delivered as part of prior cyber espionage campaigns targeting job seekers.",Targeted Attack,Individual,Cyber Espionage,>1,Link
100,15/07/2024,10/07/2024,10/07/2024,?,Bassett Furniture Industries,Bassett Furniture Industries says it shut down some of its information technology systems after it discovered a ransomware attack.,Ransomware,Manufacturing,Cyber Crime,US,Link
101,15/07/2024,Since 2022,'Recently',Threat actors from Iraq,Multiple organizations,Researchers from Checkmarx say discover a campaign by cybercriminals based in Iraq carried out via malicious Python code posted to the popular PyPl repository.,Malware,Multiple Industries,Cyber Crime,>1,Link
102,15/07/2024,-,-,?,"Edward Flynn, LMHC","A breach to Edward Flynn, LMHC affects 575,000 residents in Massachusetts.",Unknown,Human health and social work,Cyber Crime,US,Link
103,15/07/2024,-,09/07/2024,INC,Repligen Corporation,Bioprocessing company Repligen Corporation suffers an INC ransomware attack.,Ransomware,"Professional, scientific and technical",Cyber Crime,US,Link
