ID,Date Reported,Date Occurred,Date Discovered,Author,Target,Description,Attack,Target Class,Attack Class,Country,Link
1,01/09/2024,-,-,"APT28 (a.k.a. Forest Blizzard, Fancy Bear and Pawn Storm)",Deutsche Flugsicherung,"Deutsche Flugsicherung, the German state-owned company responsible for the country’s air traffic control, has confirmed being hit by a cyberattack.",Unknown,Transportation and storage,Cyber Espionage,DE,Link
2,02/09/2024,During June 2024,During June 2024,?,U.S. higher education and transportation sectors,"Researchers at Palo Alto Networks discover a new malware campaign, spoofing Palo Alto Networks' GlobalProtect VPN software to deliver a variant of the WikiLoader (a.k.a. WailingCrab) loader by means of a search engine optimization (SEO) campaign.",Malware,Multiple Industries,Cyber Crime,US,Link
3,02/09/2024,SInce 2023,02/09/2024,Head Mare,Organizations in Russia and Belarus,Researchers at Kaspersky reveal that a hacktivist group known as Head Mare exploited recently disclosed WinRAR flaw CVE-2023-38831 in attacks against organizations in Russia and Belarus.,CVE-2023-38831 Vulnerability,Multiple Industries,Hacktivism,BY RU,Link
4,02/09/2024,01/09/2024,01/09/2024,?,Tracelo,"A threat actor using the alias “Satanic” claims to have breached Tracelo, a smartphone geolocation tracking service. As a result, the hacker has leaked the personal details of over 1.4 million individuals (1,459,014) on the notorious Breach Forums.",Unknown,"Professional, scientific and technical",Cyber Crime,N/A,Link
5,02/09/2024,-,-,?,Transport for London,"Transport for London (TfL), the city's transport authority, is investigating an ongoing cyberattack.",Unknown,Transportation and storage,Cyber Crime,GB,Link
6,02/09/2024,Between 26/08/2024 and 29/08/2024,Between 26/08/2024 and 29/08/2024,?,Individuals in South Korea,"Telegram removes 25 pieces of deepfake pornographic materials, after South Korean police investigates its role in deepfake-powered sex crimes targeting victims in the country.",Deepfake,Individual,Cyber Crime,KR,Link
7,02/09/2024,During the end of 2023 and recently,During the end of 2023 and recently,?,Pizza restaurants customers,Researchers at BforeAI uncover a sophisticated phishing campaign targeting well-known international pizza restaurant chains.,Scam,Accommodation and food service,Cyber Crime,CA SG,Link
8,02/09/2024,Since February 2022,Since February 2022,"APT28 (a.k.a. Forest Blizzard, Fancy Bear and Pawn Storm)",Think Tanks in France,The French National Agency for Information Systems Security (ANSSI) warn that the Russian state-sponsored threat actors from APT28 are targeting think tanks studying strategic interests and the defense sector.,Targeted Attack,Other service activities,Cyber Espionage,FR,Link
9,03/09/2024,-,-,?,Users of the crypto platform Swan,"Cory Klippsten, CEO of Swan Bitcoin warns about a new phishing scam targeting the platform’s users. The warning came after multiple reports surfaced of a spoofed “Data Breach Notice” email that was sent to recipients of Swan’s marketing emails, likely stemming from the 2022 Klaviyo and HubSpot data breaches.",Scam,Fintech,Cyber Crime,>1,Link
10,03/09/2024,End of August/Early September 2024,End of August/Early September 2024,?,Individuals in the U.S.,"A new “sextortion” scam claims that malware has captured webcam footage of recipients pleasuring themselves, including a photo of the target’s home in a bid to make threats about publishing the videos more frightening and convincing.",Scam,Individual,Cyber Crime,US,Link
11,03/09/2024,Since November 2023,During August 2024,?,Multiple organizations,Researchers at Fortinet discover a python infostealer dubbed Emansrepo that is distributed via emails that include fake purchase orders and invoices.,Malware,Multiple Industries,Cyber Crime,>1,Link
12,03/09/2024,-,-,?,Booking.com users,"A new phishing campaign targets Booking.com, with a multi-phase approach, starting with compromising hotel managers’ accounts and culminating in scamming hotel customers directly through the Booking.com app.",">1 (Account Takeover, Scam)",Accommodation and food service,Cyber Crime,>1,Link
13,03/09/2024,Between May and July 2024,'Recently',Multiple threat actors,Multiple organizations,"Researchers at Cisco Talos discover that the MacroPack framework, initially designed for Red Team exercises, is being abused by threat actors to deploy malicious payloads, including Havoc, Brute Ratel, and PhatomCore.",Malware,Multiple Industries,Cyber Crime,>1,Link
14,03/09/2024,'Over the last several months','Over the last several months',Threat actors from North Korea,Organizations in the cryptocurrency sector,​The FBI warns of threat actors from North Korea aggressively targeting cryptocurrency companies and their employees in sophisticated social engineering attacks to deploy malware designed to steal their crypto assets.,Malware,Fintech,Cyber Crime,US,Link
15,03/09/2024,-,-,Multiple threat actors,"Multiple organizations in the finance, networking, manufacturing, real estate, telecom, and technology sectors","The U.S. Cybersecurity and Infrastructure Security Agency (CISA) adds CVE-2021-20123 and CVE-2021-20124, two vulnerabilities in DrayTek VigorConnect, to its Known Exploited Vulnerabilities (KEV) catalog.",CVE-2021-20123 and CVE-2021-20124 Vulnerabilities,Multiple Industries,Cyber Crime,>1,Link
16,03/09/2024,-,-,Multiple threat actors,Undisclosed organization(s) in the U.S.,"The U.S. Cybersecurity and Infrastructure Security Agency (CISA) adds the CVE-2024-7262 Kingsoft WPS Office Path Traversal vulnerability, to its Known Exploited Vulnerabilities (KEV) catalog.",CVE-2024-7262 Vulnerability,Unknown,Unknown,US,Link
17,03/09/2024,-,-,?,Unknown organization(s),"Google addressed a high-severity vulnerability, tracked as CVE-2024-32896, in its Android operating system that is under active exploitation in the wild.",CVE-2024-32896 Vulnerability,Unknown,Unknown,Unknown,Link
18,03/09/2024,-,-,?,Unknown organization(s),"HAProxy reveals that CVE-2024-45506, a vulnerability in its popular load balancing and proxy software, is now actively exploited.",CVE-2024-45506 Vulnerability,Unknown,Unknown,Unknown,Link
19,03/09/2024,During September 2024,02/09/2024,HikkI-Chan,VK,"A threat actor using the alias “HikkI-Chan” leaks the personal details of over 390 million VK users (specifically, 390,425,719) on the notorious cybercrime and hacker platform Breach Forums. The data was stolen from a third-party.",Unknown,Information and communication,Cyber Crime,RU,Link
20,03/09/2024,Since at least 16/08/2024,During August 2024,"Mustang Panda (a.k.a. HoneyMyte, Bronze President, Earth Preta, Polaris, Stately Taurus)",Attendees of the 2024 International Institute for Strategic Studies (IISS) Defence Summit in Prague.,"Researchers at Hunt.io reveal that the ToneShell backdoor, a cyber espionage tool associated with the Mustang Panda threat group, has been used to target attendees of the 2024 IISS Defense Summit in Prague",Targeted Attack,Individual,Cyber Espionage,>1,Link
21,03/09/2024,-,-,Threat actors from North Korea,Organizations in the cryptocurrency sector,"Researchers at Google reveal that threat actors affiliated with North Korea have been observed leveraging LinkedIn as a way to target developers as part of a fake job recruiting operation, through the COVERTCATCH malware disguised as a Python coding challenge.",Targeted Attack,Fintech,Cyber Crime,>1,Link
22,03/09/2024,-,-,Spamouflage,Audiences in the U.S.,"Researchers at Graphika reveal that the Chinese influence operation known as “Spamouflage” has ramped up its efforts to impact online discourse around the U.S. elections, creating fake personas across social media platforms to spread divisive messages about the state of the country.",Coordinated Inauthentic Behavior,Individual,Cyber Warfare,US,Link
23,03/09/2024,During H1 2024,During H1 2024,?,Individuals in the U.S.,"The Federal Trade Commission (FTC) issues a warning that scammers are increasingly targeting Bitcoin ATMs, or BTMs, tricking unsuspecting users into depositing their money at BTMs in order to ‘keep it safe’, and instructing them to convert cash into cryptocurrency and deposit it in a wallet controlled by the scammers.",Scam,Individual,Cyber Crime,US,Link
24,04/09/2024,-,-,Earth Lusca,Multiple organizations,"Researchers at Trend Micro discover a new multiplatform backdoor written in Golang, named KTLVdoor, with both Microsoft Windows and Linux versions, used by the Chinese-speaking threat actor Earth Lusca.",Targeted Attack,Multiple Industries,Cyber Espionage,>1,Link
25,04/09/2024,Between 21/05/2024 and 28/05/2024,Between 21/05/2024 and 28/05/2024,Multiple threat actors,Multiple organizations,"Researchers at Jfrog reveal that threat actors are utilizing an attack called ""Revival Hijack,"" to register new malicious PyPi projects using the names of previously deleted packages to conduct supply chain attacks. Approximately 22,000 projects are at risk.",Malware,Multiple Industries,>1,>1,Link
26,04/09/2024,Since July 2024,At the end of July 2024,?,Political figures and government officials in Malaysia,Researchers at Cyble discover a highly targeted cyber-attack aimed at political figures and government officials in Malaysia through the Babylon RAT.,Targeted Attack,"Public admin and defence, social security",Cyber Espionage,MY,Link
27,04/09/2024,-,-,Bilalkhanicom,OnlyFans users,Researchers at Veriti reveal that threat actors  are targeting other wannabe threat actors with a fake OnlyFans tool that claims to help steal accounts but instead infects threat actors with the Lumma stealer information-stealing malware.,Malware,Individual,Cyber Crime,>1,Link
28,04/09/2024,Since February 2022,Since February 2022,Threat actors linked to Russia and Belarus,Latvian government and critical infrastructure websites,"According to Latvian cybersecurity officials, politically motivated threat actors linked to Russia and Belarus are targeting Latvian government and critical infrastructure websites in a new wave of cyberattacks.",DDoS,Multiple Industries,Cyber Warfare,LV,Link
29,04/09/2024,Since July 2023,Since July 2023,?,Korean-speaking users,"Researchers at QiAnXin uncover an advanced malware campaign named DarkCracks, which exploits vulnerabilities in compromised GLPI and WordPress websites to distribute malicious loaders and maintain control over infected systems.",Malware,Multiple Industries,Cyber Crime,KR,Link
30,04/09/2024,Since mid-August 2024,During mid-August 2024,Lazarus,Blockchain developers,Researchers at Group-IB discover a campaign carried out by the North Korean Lazarus Group targeting blockchain developers with a fraudulent  video conferencing application dubbed “FCCCall.”,Malware,Fintech,Cyber Crime,>1,Link
31,04/09/2024,04/09/2024,04/09/2024,?,Cisco,Cisco’s site for selling company-themed merchandise is offline and under maintenance due to threat actors compromising it with JavaScript code that steals sensitive customer details provided at checkout exploiting CVE-2024-34102.,Malicious Script Injection,"Professional, scientific and technical",Cyber Crime,US,Link
32,04/09/2024,-,-,Doppelgänger,Audiences in the U.S.,The U.S. Justice Department reveals that the FBI seized 32 web domains used by the Doppelgänger Russian-linked influence operation network in a disinformation campaign targeting the American public ahead of this year's presidential election.,Coordinated Inauthentic Behavior,Individual,Cyber Warfare,US,Link
33,04/09/2024,03/08/2024,05/08/2024,?,Avis,"American car rental giant Avis notifies over 299,000 customers that unknown attackers breached one of its business applications last month and stole some of their personal information.",Unknown,Transportation and storage,Cyber Crime,US,Link
34,04/09/2024,Since at least September 2021,-,?,Audiences in India,Researchers at NewsGuard uncover a large network of fake social media accounts promoting Indian government and military propaganda targeting Indian readers through at least 500 Facebook and 904 X accounts.,Coordinated Inauthentic Behavior,Individual,Cyber Warfare,IN,Link
35,04/09/2024,04/09/2024,04/09/2024,"Multiple hacktivist groups including Cyber Army of Russia Reborn (CARR), RipperSec, EvilWeb, CyberDragon, UserSec, and STUCX Team",Several high-profile French organizations,"In name of operation #FreeDurov or #OpDurov multiple hacktivist groups launch a DDOS campaign against several high-profile French organizations, including the Council of Europe and the French National Center for Scientific Research.",DDoS,Multiple Industries,Hacktivism,FR,Link
36,05/09/2024,During mid-August,During mid-August,?,Lowes employees,Researchers at Malwarebytes identify a malvertising campaign targeting Lowes employees via Google ads.,Malware,Wholesale and retail,Cyber Crime,US,Link
37,05/09/2024,Since 2022,-,MuddyWater a.k.a. Static Kitten and MERCURY,"Government institutions, military entities, telecommunications, and oil companies in the Middle East, Europe and North America","Researchers at the 360 Advanced Threat Research Institute uncover that the Iranian group MuddyWater is actively leveraging legitimate remote monitoring and management (RMM) software in its attacks. This group, active since 2017, primarily targets organizations in the Middle East, as well as in Europe and North America.",Targeted Attack,Multiple Industries,Cyber Espionage,>1,Link
38,05/09/2024,Since January 2024,During January 2024,?,Crypto users in Korea,"Researchers at McAfee discover a campaign carried out through the Android malware named SpyAgent, using optical character recognition (OCR) to steal cryptocurrency wallet recovery phrases from screenshots stored on the mobile device.",Malware,Fintech,Cyber Crime,KR,Link
39,05/09/2024,Since July 2024,Since July 2024,CyberVolk,Multiple organizations,"Researchers at Threatmon reveal the details of CyberVolk, a new ransomware operation launched by threat actors from India.",Ransomware,Multiple Industries,Cyber Crime,>1,Link
40,05/09/2024,03/09/2024,03/09/2024,?,Penpie,Threat actors steak about $27 million worth of cryptocurrency from the Penpie decentralized finance (DeFi) protocol.,Vulnerability,Fintech,Cyber Crime,N/A,Link
41,05/09/2024,01/08/2024,01/08/2024,Fog,Undisclosed organization in the financial sector,"Researchers at Adlumin reveal that the Fog Ransomware, which has historically been observed only attacking organizations in the education and recreational sectors, is now pursuing more lucrative targets in the financial services sector.",Ransomware,Finance and insurance,Cyber Crime,Unknown,Link
42,05/09/2024,01/06/2024,01/06/2024,Blind Eagle,Organization in the insurance sector in Colombia,Researchers from Zscaler reveal that the Colombian insurance sector is the target of a threat actor tracked as Blind Eagle with the end goal of delivering a customized version of a known commodity remote access trojan referred to as Quasar RAT.,Malware,Finance and insurance,Cyber Crime,CO,Link
43,05/09/2024,During August 2024,During August 2024,?,Multiple organizations,Researchers from eSentire discover a new and sophisticated malware campaign leveraging DLL side-loading to distribute the LummaC2 stealer and a malicious Chrome extension.,Malware,Multiple Industries,Cyber Crime,>1,Link
44,05/09/2024,SInce 15/07/2024,SInce 15/07/2024,?,Multiple organizations,Researchers from Fortinet observe multiple campaigns targeting the GEOSERVER CVE-2024-36401 vulnerability to spread malware.,CVE-2024-36401 Vulnerability,Multiple Industries,Cyber Crime,>1,Link
45,05/09/2024,05/09/2024,05/09/2024,Multiple threat actors,Banking users in LATAM,"Researchers from Trend Micro reveal a rise in increasingly sophisticated phishing attacks to compromise financial systems across the Latin American region with the notorious trojans Mekotio, BBTok, and Grandoreiro.",Malware,Finance and insurance,Cyber Crime,>1,Link
46,05/09/2024,-,-,?,Individuals in the Democratic Republic of the Congo and Angola,Researchers from Recorded Future reveal that the Predator spyware has resurfaced with fresh infrastructure after a drop in activity caused by US sanctions against Intellexa Consortium.,Malware,Individual,Cyber Espionage,AO CD,Link
47,05/09/2024,-,28/08/2024,RansomHub,Planned Parenthood,"Planned Parenthood confirms it suffered a cyberattack affecting its IT systems, forcing it to take parts of its infrastructure offline to contain the damage. The RansomHub ransomware group claims responsibility yesterday for the attack, threatening to leak 93 GB of data allegedly stolen from the organization's systems in six days.",Ransomware,Human health and social work,Cyber Crime,US,Link
48,05/09/2024,Since June 2023,During June 2024,"Tropic Trooper (a.k.a. APT23, Earth Centaur, KeyBoy, and Pirate Panda)",Unnamed government entities in the Middle East and Malaysia,Researchers from Kaspersky reveal that Unnamed government entities in the Middle East and Malaysia are the target of a persistent cyber campaign orchestrated by the threat actor known as Tropic Trooper.,Targeted Attack,"Public admin and defence, social security",Cyber Espionage,MY >1,Link
49,05/09/2024,04/09/2024,04/09/2024,?,Tewkesbury Borough Council,The Tewkesbury Borough Council shouts down its systems following a cyber attack.,Unknown,"Public admin and defence, social security",Cyber Crime,GB,Link
50,05/09/2024,During April 2024,During April 2024,?,Johnson County Board of Education,"The Johnson County Board of Education, a school district in the northeast corner of Tennessee loses more than $3 million after an employee is tricked into sending funds intended for online curriculum materials to a fraudster.",Business Email Compromise,Education,Cyber Crime,US,Link
51,05/09/2024,Since 2020,-,Unit 29155,Critical Infrastructures in the U.S. and globally across at least 26 countries,"A joint security advisory from the Federal Bureau of Investigation (FBI), the Cybersecurity and Infrastructure Security Agency (CISA), and National Security Agency (NSA) warns that military threat actors affiliated with the Russian General Staff Main Intelligence Directorate 161st Specialist Training Center, also known as Unit 29155, have been targeting critical infrastructure in the United States and globally since 2020.",Targeted Attack,"Electricity, gas steam, air conditioning",Cyber Warfare,US >1,Link
52,05/09/2024,Since 31/08/2024,Since 31/08/2024,?,Crypto users,Researchers at BlockAid detect over 150 new scams powered by the AngelX crypto drainer following its launch.,Account Takeover,Fintech,Cyber Crime,>1,Link
53,06/09/2024,05/09/2024,05/09/2024,?,Charles Darwin School,The Charles Darwin School in south London is hit with a ransomware attack.,Ransomware,Education,Cyber Crime,GB,Link
54,06/09/2024,-,-,?,Undisclosed organization(s),"SonicWall warns that a recently fixed access control flaw tracked as CVE-2024-40766 in SonicOS is now ""potentially"" exploited in attacks, urging admins to apply patches as soon as possible.",CVE-2024-40766 Vulnerability,Unknown,Unknown,Unknown,Link
55,06/09/2024,Since the beginning of 2024,Since the beginning of 2024,TIDRONE,"Military-related industry chains, particularly in the manufacturers of drones in Taiwan","Researchers at Trend Micro reveal the details of TIDRONE, a previously unidentified threat cluster targeting military-related industry chains, particularly in the manufacturers of drones in Taiwan.",Targeted Attack,Manufacturing,Cyber Espionage,TW,Link
56,06/09/2024,17/08/2023,15/06/2024,?,Slim CD,"The electronic payment gateway Slim CD discloses a data breach following a cyberattack. Personal data and credit card details of 1,693,000 individuals are compromised.",Unknown,Fintech,Cyber Crime,US,Link
57,06/09/2024,'Recently','Recently',"Stately Taurus (a.k.a. Mustang Panda, BRONZE PRESIDENT, RedDelta, Luminous Moth, Earth Preta and Camaro Dragon)",Government entities in Southeast Asia,Researchers at Palo Alto Networks reveal that The China-linked advanced persistent threat (APT) group known as Mustang Panda has been observed weaponizing Visual Studio Code software as part of espionage operations targeting government entities in Southeast Asia.,Targeted Attack,Multiple Industries,Cyber Espionage,>1,Link
58,06/09/2024,'Since several months',-,"APT28 (a.k.a. Forest Blizzard, Fancy Bear and Pawn Storm)",Multiple organizations in Germany,"The German cyber agency BSI is reportedly investigating a phishing campaign tied to Russian state hacking group APT28 that used a bogus website mimicking the Kiel Institute for the World Economy, an influential think tank.",Targeted Attack,Multiple Industries,Cyber Espionage,DE,Link
59,06/09/2024,-,-,Tenet Media,Audiences in the U.S.,"Google shuts down several YouTube channels belonging to Tenet Media, a company the Justice Department linked to a Russian disinformation campaign.",Coordinated Inauthentic Behavior,Individual,Cyber Warfare,US,Link
60,06/09/2024,During 2023,During 2023,Cl0p,Wisconsin Physicians Service Insurance Corporation,The Centers for Medicare & Medicaid Services (CMS) and the Wisconsin Physicians Service Insurance Corporation (WPS) reveal that sensitive information belonging to 3.1 million people across several states was breached during the cybercriminal campaign last year that targeted the popular MOVEit file transfer service.,CVE-2023-34362 Vulnerability,Human health and social work,Cyber Crime,US,Link
61,06/09/2024,During July 2024,06/09/2024,Meow Leaks,Physical Medicine & Rehabilitation Center,The Physical Medicine & Rehabilitation Center posts a notice on its website about an incident in July that affected patients at their New Jersey and New York locations. The Meow Leaks claims responsibility for the attack.,Ransomware,Human health and social work,Cyber Crime,US,Link
62,06/09/2024,-,-,Russia,Audiences in the U.S.,"Google shuts down several YouTube channels belonging to Tenet Media, a company the Justice Department linked this week to a Russian disinformation campaign.",Coordinated Inauthentic Behavior,Individual,Cyber Warfare,US,Link
63,07/09/2024,Mid-august 2024,Mid-august 2024,?,Individuals,"A new variant of the ongoing sextortion email scams is now targeting spouses, saying that their husband or wife is cheating on them, with links to the alleged proof.",Scam,Individual,Cyber Crime,>1,Link
64,07/09/2024,-,-,Coldriver,Free Russia Foundation,The U.S.-based Free Russia Foundation nonprofit says it is investigating a data breach after thousands of emails and documents supposedly related to its work are published online. The organization suspects that the incident  is linked to the Kremlin-sponsored group tracked as Coldriver,Targeted Attack,Other service activities,Cyber Espionage,US,Link
65,07/09/2024,-,-,Medusa,Tendam,"Spanish fashion multinational Tendam is hit with a ransomware attack by the Medusa group. The attackers claim to have stolen 724.59 GB of confidential data from the company's servers and are demanding a ransom of $800,000.",Ransomware,Wholesale and retail,Cyber Crime,ES,Link
66,08/09/2024,-,-,,Highline Public Schools,"Highline Public Schools, a K-12 district in Washington state, shuts down all schools and cancels school activities after its technology systems were compromised in a cyberattack.",Unknown,Education,Cyber Crime,US,Link
67,08/09/2024,-,-,horrormar44,Boulanger,"Boulanger, a French retailer, says in a statement that threat actors accessed customers' delivery addresses but no banking data was leaked.",Unknown,Wholesale and retail,Cyber Crime,FR,Link
68,09/09/2024,Since at least 2021,-,Konni (linked to the North Korean state-sponsored group Kimsuky),Russian Ministry of Foreign Affairs,Researchers at Genians reveal the details of a campaign by the North Korean threat actor known as Konni targeting the Russian Ministry of Foreign Affairs.,Targeted Attack,"Public admin and defence, social security",Cyber Espionage,RU,Link
69,09/09/2024,Since at least 2021,-,Konni (linked to the North Korean state-sponsored group Kimsuky),Russian Embassy in Indonesia,Researchers at Genians reveal the details of a campaign by the North Korean threat actor known as Konni targeting the Russian Embassy in Indonesia.,Targeted Attack,"Public admin and defence, social security",Cyber Espionage,RU,Link
70,09/09/2024,Since at least 2021,-,Konni (linked to the North Korean state-sponsored group Kimsuky),"Several unnamed South Korean enterprises, including a tax law firm.","Researchers at Genians reveal the details of a campaign by the North Korean threat actor known as Konni targeting several unnamed South Korean enterprises, including a tax law firm.",Targeted Attack,Multiple Industries,Cyber Espionage,RU,Link
71,09/09/2024,'Recently','Recently',?,Multiple organizations,"Researchers at Cyble discover a new phishing campaign that capitalizes on the popularity of CapCut, a video editing tool developed by Bytedance and employs a sophisticated reputational hijacking technique utilizing JamPlus to bypass Smart App Control (SAC) and deploy malicious payloads.",Malware,Multiple Industries,Cyber Crime,>1,Link
72,09/09/2024,Since May 2024,-,"Mustang Panda (a.k.a. HoneyMyte, Bronze President, Earth Preta, Polaris, Stately Taurus)",Multiple organizations,"Researchers at trend Micro discover a new campaign attributed to China-based cyber espionage group Mustang Panda using new strategies and malware called FDMTP and PTSOCKET to download payloads and steal information from breached networks, using a variant of the HIUPAN worm to deliver the PUBLOAD malware stager through removable drives on the network.",Targeted Attack,Multiple Industries,Cyber Espionage,>1,Link
73,09/09/2024,'Recently','Recently',?,Multiple organizations,"Researchers at Sekoia reveal that the Quad7 botnet is evolving its operation by targeting additional SOHO devices with new custom malware for Zyxel VPN appliances, Ruckus wireless routers, and Axentra media servers.",Malware,Multiple Industries,Cyber Crime,>1,Link
74,09/09/2024,'Recently','Recently',RansomHub,Undisclosed organization,"Researchers from ThreatDown identify the RansomHub ransomware gang using a previously unseen method of attack using two tools: TDSSKiller, employed to disable endpoint detection and response (EDR) systems, and LaZagne, used to harvest credentials.",Ransomware,Unknown,Cyber Crime,Unknown,Link
75,09/09/2024,Since August 2024,'Recently',Akira and other ransomware groups,Multiple organizations,Researchers at Arctic Wolf and Rapid7 reveal that the Akira ransomware gang and other groups are now exploiting the SonicWall CVE-2024-40766 vulnerability.,Ransomware,Multiple Industries,Cyber Crime,>1,Link
76,09/09/2024,01/04/2024,01/04/2024,?,Kemper Sports Management,Golf course management and hospitality company Kemper Sports Management discloses a data breach impacting the personal information of tens of thousands of individuals.,Unknown,"Arts entertainment, recreation",Cyber Crime,US,Link
77,09/09/2024,-,-,Threat actors from Russia and Belarus,Local and central government institutions in Poland,"Polish security services reveal to have neutralized a sabotage operation orchestrated by Russia and Belarus that aimed to destabilise Poland, penetrating local and central government institutions with the goal to extort information, to blackmail individuals and institutions and to wage a de facto cyberwar.",Ransomware,"Public admin and defence, social security",Cyber Warfare,PL,Link
78,09/09/2024,28/09/2023,04/10/2023,?,Richland County,"Richland County notifies 76,365 of a data security incident deriving from an unauthorized access to its network.",Unknown,"Public admin and defence, social security",Cyber Crime,US,Link
79,10/09/2024,'Recently','Recently',CosmicBeetle (a.k.a. NoName),"Organizations in the manufacturing, pharmaceuticals, legal, education, healthcare, technology, hospitality, leisure, financial services, and regional government sectors","Researchers at ESET reveal that the threat actor known as CosmicBeetle has debuted a new custom ransomware strain called ScRansom in attacks targeting small- and medium-sized businesses (SMBs) in Europe, Asia, Africa, and South America, while also likely working as an affiliate for RansomHub.",Ransomware,Multiple Industries,Cyber Crime,>1,Link
80,10/09/2024,-,-,Multiple threat actors,Undisclosed organization(s) in the U.S.,"The U.S. Cybersecurity and Infrastructure Security Agency (CISA) adds the CVE-2016-3714 ImageMagick Improper Input Validation vulnerability, to its Known Exploited Vulnerabilities (KEV) catalog.",CVE-2016-3714 Vulnerability,Unknown,Unknown,US,Link
81,10/09/2024,-,-,Multiple threat actors,Undisclosed organization(s) in the U.S.,"The U.S. Cybersecurity and Infrastructure Security Agency (CISA) adds the CVE-2017-1000253 Linux Kernel PIE Stack Buffer Corruption vulnerability, to its Known Exploited Vulnerabilities (KEV) catalog.",CVE-2017-1000253 Vulnerability,Unknown,Unknown,US,Link
82,10/09/2024,-,-,Multiple threat actors,Undisclosed organization(s) in the U.S.,"The U.S. Cybersecurity and Infrastructure Security Agency (CISA) adds the CVE-2024-40766 SonicWall SonicOS Improper Access Control vulnerability, to its Known Exploited Vulnerabilities (KEV) catalog.",CVE-2024-40766 Vulnerability,Unknown,Unknown,US,Link
83,10/09/2024,Since September 2023,Since September 2023,Threat actors from China (including APT15 and a subgroup of APT41 known as Earth Longzhi.),Organizations in Southeast Asia,"Researchers from Sophos observe new activity from threat actors carrying out the Crimson Palace campaign against organizations in Southeast Asia with three intrusion sets tracked as Cluster Alpha (STAC1248), Cluster Bravo (STAC1870), and Cluster Charlie (STAC1305).",Targeted Attack,Multiple Industries,Cyber Espionage,>1,Link
84,10/09/2024,-,-,?,Undisclosed organization(s),"Microsoft patches CVE-2024-38226, a Microsoft Publisher vulnerability actively exploited by threat actors. Few days later the vulnerability id added in the CISA Known Exploit Vulnerability catalog (KEV):",CVE-2024-38226 Vulnerability,Unknown,Unknown,Unknown,Link
85,10/09/2024,-,-,?,Undisclosed organization(s),"Microsoft patches CVE-2024-38217, a Microsoft Windows Mark of the Web (MoTW) vulnerability actively exploited by threat actors. Few days later the vulnerability id added in the CISA Known Exploit Vulnerability catalog (KEV):",CVE-2024-38217 Vulnerability,Unknown,Unknown,Unknown,Link
86,10/09/2024,-,-,?,Undisclosed organization(s),"Microsoft patches CVE-2024-38014, a Microsoft Windows Installer vulnerability actively exploited by threat actors. Few days later the vulnerability id added in the CISA Known Exploit Vulnerability catalog (KEV):",CVE-2024-38014 Vulnerability,Unknown,Unknown,Unknown,Link
87,10/09/2024,-,-,?,Undisclosed organization(s),"Microsoft patches CVE-2024-43491, a Microsoft Windows Update vulnerability actively exploited by threat actors. Few days later the vulnerability id added in the CISA Known Exploit Vulnerability catalog (KEV):",CVE-2024-43491 Vulnerability,Unknown,Unknown,Unknown,Link
88,10/09/2024,During August 2024,During August 2024,INC,Undisclosed organization,Researchers at ReliaQuest reveal the details of an INC ransomware attack.,Ransomware,Unknown,Cyber Crime,Unknown,Link
89,10/09/2024,'Recently','Recently',DragonRank,"Organizations in Thailand, India, Korea, Belgium, the Netherlands, and China","Researchers at Cisco Talos reveal the details of DragonRank, a ""simplified Chinese-speaking actor"" linked to a new campaign that has targeted multiple countries in Asia and Europe with the end goal of performing search engine optimization (SEO) rank manipulation to deploy a web shell and to utilize it to collect system information and launch malware such as PlugX and BadIIS.",Malware,Multiple Industries,Cyber Espionage,BE CN IN KR NL TH,Link
90,10/09/2024,'Recently','Recently',Lazarus,Python developers,"Researchers from ReversingLabs reveal that members of the North Korean hacker group Lazarus posing as recruiters are baiting Python developers with coding test project for password management products that include malware, as part of the VMConnect campaign.",Malware,Multiple Industries,Cyber Espionage,>1,Link
91,10/09/2024,-,-,?,Customers of e-commerce sites,Researchers at DomainTools discover a cluster of malicious activity impersonating multiple e-commerce sites including Target.,Scam,Wholesale and retail,Cyber Crime,US,Link
92,10/09/2024,Since at least February 2024,During February 2024,?,Individuals in the U.S.,Researchers at DomainTools discover a cluster of malicious activity impersonating brands for financial fraud.,Scam,Individual,Cyber Crime,US,Link
93,10/09/2024,Since late 2023,-,?,Customers of e-commerce sites,"Researchers at DomainTools discover an additional cluster of malicious activity impersonating multiple e-commerce sites including Walmart, Shopify, Amazon, and more.",Scam,Individual,Cyber Crime,US,Link
94,10/09/2024,01/06/2024,01/06/2024,,"Banking applications across Europe, particularly in Germany.","Researchers at Cleafy uncover a new variant of the TrickMo Android banking trojan that comes with new capabilities to evade analysis and display fake login screens, including malformed ZIP files in combination with JSONPacker, to capture victims' banking credentials.",Malware,Finance and insurance,Cyber Crime,DE EU,Link
95,10/09/2024,10/09/2024,10/09/2024,Scattered Spider,Organizations in the finance and insurance space,"Researchers at EcleticIQ reveal that the Scattered Spider ransomware groups has been applying social engineering to targeted, sophisticated phishing attacks against financial and insurance companies, aiming to steal high-level permissions to cloud-based environments to ultimately deliver ransomware.",Ransomware,Finance and insurance,Cyber Crime,>1,Link
96,10/09/2024,-,-,horrormar44,Cultura,"Cultura, which has 110 stores in France, also falls victim to a cyberattack. The company says that one of its external IT service providers ""was the victim of a malicious intrusion into its database as part of an attack that targeted several stores.""",Unknown,Wholesale and retail,Cyber Crime,FR,Link
97,10/09/2024,Since at least 2021,-,?,"Military-related industry chains, particularly in the manufacturers of drones in Taiwan","Researches at Acronis discover an attack dubbed ""WordDrone"" that uses an old flaw of Microsoft Word to install a backdoor against Taiwan's military and satellite industrial supply chain.",Targeted Attack,Manufacturing,Cyber Espionage,TW,Link
98,10/09/2024,'In recent weeks','In recent weeks',?,Trump supporters,"Researchers at Veriti reveal that threat actors are targeting Trump’s digital trading cards using phishing sites, fake domains, and social engineering tactics to steal sensitive data.",Scam,Individual,Cyber Crime,US,Link
99,11/09/2024,-,-,APT34 a.k.a. OilRig,Organizations in Iraq including government networks,Researchers at Check Point discover a new set of malware called Veaty and Spearal that was used in attacks against different Iraqi entities including government networks.,Targeted Attack,"Public admin and defence, social security",Cyber Espionage,IQ,Link
100,11/09/2024,Since 04/09/2024,Since 04/09/2024,Multiple threat actors,Organizations within the financial services industry (FSI) and business sector,"Researchers at Imperva reveal that they detected over 25,000 malicious requests targeting 4,000 unique sites since the CVE-2024-45195 vulnerability in Apache OFBiz was disclosed",CVE-2024-45195 Vulnerability,Multiple Industries,Unknown,Unknown,Link
101,11/09/2024,-,During June 2023,China,U.S. Maritime Sector,A U.S. congressional examination finds that China placed various technological backdoors into ship-to-shore cranes that could give access to the machines.,Backdoor,Transportation and storage,Cyber Espionage,US,Link
102,11/09/2024,During 2024,During 2024,?,"Multiple organizations in the Government, Manufacturing, Technology/IT, and Banking sectors","Researchers at Trellix uncover an advanced malware campaign, using a complex, fileless approach to deliver the Remcos Remote Access Trojan (RAT), leveraging a benign-looking Excel document as the attack vector end exploiting the CVE-2017-0199 vulnerability.",Malware,Multiple Industries,Cyber Crime,AU BE DE KR JP US,Link
103,11/09/2024,Between May and July 2024,Between May and July 2024,?,"Large corporations in South Korea, and government agencies and schools in the U.S",Researchers at Palo Alto Networks warn of ongoing phishing campaigns that abuse refresh entries in HTTP headers to deliver spoofed email login pages that are designed to harvest users' credentials.,Account Takeover,Multiple Industries,Cyber Crime,KR US,Link
104,11/09/2024,10/09/2024,10/09/2024,?,Indodax,"Indodax, a major cryptocurrency exchange in Indonesia, pauses operations after $22 million in coins is stolen.",Unknown,Fintech,Cyber Crime,ID,Link
105,11/09/2024,Since at least 22/08/2024,During August 2024,?,Multiple organizations,"Researchers at OALABS discover a malware campaign using the unusual method of locking users in their browser's kiosk mode to annoy them into entering their Google credentials, which are then stolen by information-stealing malware, predominantly Amadey.",Malware,Multiple Industries,Cyber Crime,>1,Link
106,11/09/2024,Early August 2024,Early August 2024,horrormar44,Truffaut,"Truffaut, another retailer in France also suffers a breach impacting around 277,000 records.",Unknown,Wholesale and retail,Cyber Crime,FR,Link
107,11/09/2024,10/05/2024,03/07/2024,Inc Ransom,Access Sports Medicine & Orthopaedics,"Access Sports Medicine & Orthopaedics informs more than 88,000 individuals that their information was compromised as a result of a cyberattack. The Inc Ransom ransomware gang claims responsibility for the attack.",Ransomware,Human health and social work,Cyber Crime,US,Link
108,12/09/2024,Mid-August 2024,Mid-August 2024,?,Multiple organizations,"Researchers at Aqua Security reveal that threat actors are targeting Oracle WebLogic servers to infect them with a new Linux malware named ""Hadooken,"" which launches a cryptominer and a tool for distributed denial-of-service (DDoS) attacks.",Malware,Multiple Industries,Cyber Crime,>1,Link
109,12/09/2024,During August 2024,Since at least August 2024,?,"Streaming boxes in multiple countries, predominantly Brazil, Morocco, Pakistan, Saudi Arabia, Russia, Argentina, Ecuador, Tunisia, Malaysia, Algeria, and Indonesia","Researchers from Dr.Web reveal that threat actors have infected over 1.3 million TV streaming boxes running Android with a new Android.Vo1d backdoor malware, allowing the attackers to take full control of the devices.",Malware,Individual,Cyber Crime,AR BR DZ ID MA MY PK RU SA,
110,12/09/2024,12/09/2024,12/09/2024,,Mobile banking customers in central Asia,"Researchers from Group-IB discover a new Android malware called Trojan Ajina.Banker targeting Central Asia, amd spreading via Telegram.",Malware,Finance and insurance,Cyber Crime,AM AZ IS KG KZ PK RU TJ UA UZ,Link
111,12/09/2024,-,-,?,Multiple organizations,"Researchers from Cado Security reveal that threat actors are infecting Internet-exposed Selenium Grid servers, with the goal of using victims' Internet bandwidth for cryptomining, proxyjacking, and potentially much worse.",Misconfiguration,Multiple Industries,Cyber Crime,>1,Link
112,12/09/2024,-,-,Kransom,Multiple organizations,"Researchers at ANY.RUN reveal that the Kransom ransomware is being disguised as a game to evade detection, employing DLL side-loading to execute its payload, and using a legitimate certificate.",Ransomware,Multiple Industries,Cyber Crime,>1,Link
113,12/09/2024,Since 30/08/2024,30/08/2024,?,Multiple organizations,"Researchers at Trend Micro reveal that threat actors have been leveraging publicly available exploit code for CVE-2024-6670 and CVE-2024-6671, two critical vulnerabilities in the WhatsUp Gold network availability and performance monitoring solution from Progress Software.",CVE-2024-6670 and CVE-2024-6671 Vulnerabilities,Multiple Industries,Unknown,>1,Link
114,12/09/2024,-,-,Fortibitch,Fortinet,"Fortinet confirms it suffered a data breach after a threat actor with the moniker of ""Fortibitch"" claims to have stolen 440GB of files from the company's Microsoft Sharepoint server.",Unknown,"Professional, scientific and technical",Cyber Crime,US,Link
115,12/09/2024,-,-,horrormar44,Pepe Jeans,Pepe Jeans is also hit by the same spree of cyber attacks targeting the French retailers.,Unknown,Wholesale and retail,Cyber Crime,FR,Link
116,12/09/2024,-,-,Threat actors from China,Pacific Islands Forum Secretariat,"Chinese state-sponsored hackers are reportedly suspected of compromising the networks of the Pacific Islands Forum (PIF) Secretariat, a regional diplomatic body based in Fiji.",Targeted Attack,"Public admin and defence, social security",Cyber Espionage,FJ,Link
117,12/09/2024,11/09/2024,11/09/2024,Medusa,Providence Public School District,"The Providence Public School District (PPSD) faces internet outages after discovering “irregular activity."" The Medusa ransomware gang claims responsibility for the attack.",Ransomware,Education,Cyber Crime,US,Link
118,12/09/2024,During September 2024,During September 2024,grep,Capgemini,"A threat actor with the moniker of 'grep' claims to have broken into Capgemini and leaks a large amount of sensitive data stolen from the technology services giant – including source code, credentials, and T-Mobile's virtual machine logs.",Unknown,"Professional, scientific and technical",Cyber Crime,FR,Link
119,13/09/2024,-,-,?,Unknown organization(s),"Microsoft reveal that the recently fixed ""Windows MSHTML spoofing vulnerability"" tracked under CVE-2024-43461 is now marked as previously exploited.",CVE-2024-43461 Vulnerability,Unknown,Unknown,Unknown,Link
120,13/09/2024,-,-,Threat actors from China,US-Taiwan Defense Industry Conference,"Researchers at Cyble report that the US-Taiwan Defense Industry Conference was the target of a fileless malware infection, presumably aimed at collecting intelligence on behalf of the Chinese government.",Targeted Attack,"Public admin and defence, social security",Cyber Espionage,US TW,Link
121,13/09/2024,End of August 2024,End of August 2024,?,Cryptocurrency users,"Cryptocurrency exchange Binance warns of an ""ongoing"" global threat that's targeting cryptocurrency users with clipper malware with the goal of facilitating financial fraud.",Malware,Fintech,Cyber Crime,>1,Link
122,13/09/2024,-,-,RansomHub,Kawasaki Motors Europe,Kawasaki Motors Europe announces that it's recovering from a cyberattack that caused service disruptions as the RansomHub ransomware gang threatens to leak 487 GB of stolen data.,Ransomware,Manufacturing,Cyber Crime,NL,Link
123,13/09/2024,Since at least 10/09/2024,13/09/2024,?,Undisclosed organization(s),"Ivanti confirms that CVE-2024-8190, a high-severity vulnerability in its Cloud Services Appliance (CSA) solution is now actively exploited in attacks.",CVE-2024-8190 Vulnerability,Unknown,Unknown,Unknown,Link
124,13/09/2024,11/09/2024,11/09/2024,Ukraine’s military intelligence agency (HUR),Osnovanie,"Threat actors from Ukraine claim to have compromised the infrastructure of the agency that certifies digital signatures in Russia, known as Osnovanie (""Foundation"" in Russian), and defaces its websites.",Defacement,"Professional, scientific and technical",Cyber Warfare,RU,Link
125,13/09/2024,29/04/2024,29/04/2024,?,Atrium Health,"Atrium Health sends notifications to patients who may have been impacted by a malicious email sent to employees in April, through which an unauthorized third party gained access to a group of employees’ emails.",Account Takeover,Human health and social work,Cyber Crime,US,Link
126,14/09/2024,11/06/2024,08/07/2024,RansomHub,Stillwater Mining Company,"Stillwater Mining Company, the owner of the only platinum and palladium mines in the U.S. confirms that it experienced a cyberattack this Summer. The RansomHub ransomware gang claims responsibility for the attack.",Ransomware,Mining and quarrying,Cyber Crime,US,Link
127,15/09/2024,15/09/2024,15/09/2024,Threat actors from Russia,Radio Geretsried,"Radio Geretsried, a local station in Germany, has blamed “unknown attackers from Russia” after an apparent ransomware incident left it broadcasting music from emergency backups.",Ransomware,Information and communication,Cyber Crime,DE,Link
