"ID","Date Reported","Date Occurred","Date Discovered","Author","Target","Description","Attack","Target Class","Attack Class","Country","Link","Initial Access"
"1","01/11/2024","-","-","Cactus","Housing Authority of the City of Los Angeles","The Housing Authority of the City of Los Angeles (HACLA), one of the largest public housing authorities in the United States, confirms that a cyberattack hit its IT network after recent breach claims from the Cactus ransomware gang.","Ransomware","Public admin and defence, social security","Cyber Crime","US","Link","Unknown"
"2","01/11/2024","'Recently'","'Recently'","?","Undisclosed organization","Researchers at Rapid7 confirm that the recently disclosed Microsoft SharePoint remote code execution (RCE) vulnerability tracked as CVE-2024-38094 is being exploited to gain initial access to corporate networks.","Targeted Attack","Unknown","Unknown","Unknown","Link","Publicly-facing App Vulnerability"
"3","01/11/2024","01/11/2024","01/11/2024","Threat actors from Russia","Individuals in the U.S.","Russian actors create a bogus viral video that shows Haitians illegally voted several times in the state of Georgia.","Coordinated Inauthentic Behavior","Individual","Cyber Warfare","US","Link","N/A"
"4","01/11/2024","23/10/2024","23/10/2024","?","Unnamed Service Provider in France","France’s Ministry of Labor and Employment announces that it discovered a cyberattack against an unnamed service provider, and suspected to have impacted the data of young people it was helping get into employment.","Unknown","Information and communication","Cyber Crime","FR","Link","Unknown"
"5","01/11/2024","-","-","?","Lampard Community School","Lampard Community School is hit by a cyber-attack and is being ""blackmailed"" by threat actors.","Ransomware","Education","Cyber Crime","GB","Link","Unknown"
"6","01/11/2024","31/10/2024","31/10/2024","","M2","Threat actors compromise the centralized crypto exchange M2 to steal $13.7 million in assets, including Bitcoin, Ether and Solana.","Unknown","Fintech","Cyber Crime","AE","Link","Unknown"
"7","03/11/2024","Since the end of September 2024","End of September 2024","Interlock","Multiple organizations","A relatively new ransomware operation named Interlock attacks organizations worldwide, encrypting FreeBSD servers.","Ransomware","Multiple Industries","Cyber Crime",">1","Link","Unknown"
"8","03/11/2024","02/11/2024","02/11/2024","Embargo","Memorial Hospital and Manor","Memorial Hospital and Manor posts an urgent message warning patients that the hospital’s IT team discovered a ransomware attack the morning before. The attack is claimed by the Embargo ransomware gang, which threatens to leak 1.15 terabytes of purportedly stolen data.","Ransomware","Human health and social work","Cyber Crime","US","Link","Unknown"
"9","03/11/2024","03/11/2024","03/11/2024","?","Metawin","A threat actor steals over $4 million from crypto casino Metawin's Ethereum and Solana hot wallets","Unknown","Arts entertainment, recreation","Cyber Crime","GB","Link","Unknown"
"10","04/11/2024","Between December 2023 and August 2024","Between December 2023 and August 2024","Transparent Tribe a.k.a. APT36, Datebug, Earth Karkaddan, Mythic Leopard, Operation C-Major, and PROJECTM.","High-profile organizations in India","Researchers at Check Point reveal that high-profile entities in India have become the target of malicious campaigns orchestrated by the Pakistan-based Transparent Tribe threat actor via the malware called ElizaRAT and a new stealer payload dubbed ApoloStealer on specific victims of interest.","Targeted Attack","Multiple Industries","Cyber Espionage","IN","Link","Phishing Email"
"11","04/11/2024","-","-","?","Multiple organizations","Researchers at Securonix discover a sophisticated phishing campaign, “CRON#TRAP,” that leverages a unique approach to infiltrate systems and establish persistent backdoors, involving deploying emulated Linux environments within compromised endpoints, specifically Tiny Core Linux.","Malware","Multiple Industries","Cyber Crime",">1","Link","Phishing Email"
"12","04/11/2024","-","-","?","Undisclosed organization(s)","Google warns that CVE-2024-43047 and CVE-2024-43093, a security flaw impacting its Android operating system has come under active exploitation in the wild.","Unknown","Unknown","Unknown","Unknown","Link","OS Vulnerability"
"13","04/11/2024","-","-","?","Individuals in the U.S.","The Federal Bureau of Investigation (FBI) Atlanta Division issues an urgent warning to the public about a surge in cybercriminals exploiting “Remember-Me” cookies to gain unauthorized access to email accounts.","Account Takeover","Individual","Cyber Crime","US","Link","Rogue Website Phishing Email"
"14","04/11/2024","Early November 2024","Early November 2024","?","Individuals in the U.S.","Researchers at Malwarebytes identify a new wave of phishing for banking credentials that targets consumers via Microsoft’s search engine.","Account Takeover","Finance and insurance","Cyber Crime","US","Link","Malvertising"
"15","04/11/2024","Early/Mid 2024","During October 2024","Treat actors from China","Android Banking users in Italy, Portugal, Spain, France, Perù","Researchers at Cleafy discover ToxicPanda, an Android banking malware that allows threat actors to conduct fraudulent banking transactions.","Malware","Finance and insurance","Cyber Crime","ES FR IT PE PT","Link","Social Engineering"
"16","04/11/2024","'Recently'","Since 2023","?","Android banking users","Researchers at Netcraft detail another Android banking malware called HookBot (aka Hook) that exploits Android's accessibility services to conduct overlay attacks in order to display bogus login pages on top of legitimate banking apps and steal credentials or other personal data.","Malware","Finance and insurance","Cyber Crime",">1","Link","Rogue App"
"17","04/11/2024","'Recently'","'Recently'","Threat actors from North Korea","Multiple organizations","Researchers at Zscaler reveal how threat actors from North Korea have continued to update their Contagious Interview campaign tactics by improving the obfuscation of their scripts with advanced techniques and dynamic loading.","Targeted Attack","Multiple Industries","Cyber Crime",">1","Link","Social Engineering"
"18","04/11/2024","'Recently'","'Recently'","GoZone","Multiple organizations","Researchers from SonicWall discover GoZone, a ransomware that not only encrypts files but also accuses the victim of harboring explicit content on their computer and then threatens to turn it over to authorities if ransom is not paid.","Ransomware","Multiple Industries","Cyber Crime",">1","Link","Unknown"
"19","04/11/2024","Since early August 2024","During early September 2024","?","Multiple organizations","Researchers at Hunters discover an ongoing threat campaign dubbed VEILDrive taking advantage of legitimate services from Microsoft, including Teams, SharePoint, Quick Assist, and OneDrive, as part of its modus operandi.","Malware","Multiple Industries","Cyber Crime",">1","Link","Instant Messaging App"
"20","04/11/2024","-","-","Hellcat","Schneider Electric","Schneider Electric confirms that a developer platform was breached after a threat actor claimed to steal 40GB of data from the company's JIRA server.","Ransomware","Manufacturing","Cyber Crime","FR","Link","Unknown"
"21","04/11/2024","-","-","IntelBroker","Nokia","Nokia investigates whether a third-party vendor was breached after a hacker claimed to be selling the company's stolen source code.","Unknown","Information and communication","Cyber Crime","FI","Link","Supply Chain Compromise"
"22","04/11/2024","03/11/2024","03/11/2024","?","Washington State Administrative Office of the Courts (AOC)","​​Court systems across Washington are down after officials said ""unauthorized activity"" was detected on their networks.","Unknown","Public admin and defence, social security","Cyber Crime","US","Link","Unknown"
"23","04/11/2024","-","-","?","South East Technological University","The South East Technological University (SETU) in Ireland announces experiencing a cybersecurity incident targeting its IT systems.","Unknown","Education","Cyber Crime","IE","Link","Unknown"
"24","04/11/2024","15/08/2024","07/10/2024","?","Montlick & Associates","Law firm Montlick & Associates informed discloses an incident involving unauthorized access to its network and the exfiltration of files containing personal information, including Social Security numbers. The company determines that over 138,000 people are impacted.","Unknown","Professional, scientific and technical","Cyber Crime","US","Link","Unknown"
"25","04/11/2024","-","29/05/2024","?","Presbyterian Healthcare Services","The information of over 300,000 Presbyterian Healthcare Services patients is compromised as a result of a data breach at law firm Thompson Coburn.","Unknown","Human health and social work","Cyber Crime","US","Link","Supply Chain Compromise"
"26","04/11/2024","Since August 2023","Since August 2023","?","Organizations in the U.S.","The FBI issues an alert to warn US-based companies and law enforcement agencies that threat actors are sending fake emergency data requests with the goal of harvesting personally identifiable information (PII).","Account Takeover","Multiple Industries","Cyber Crime","US","Link","Malspam"
"27","04/11/2024","03/11/2024","03/11/2024","?","Middlesbrough Council","Middlesbrough Council's website is affected by a distributed denial of service (DDoS) attack.","DDoS","Public admin and defence, social security","Unknown","GB","Link","N/A"
"28","04/11/2024","-","-","IntelBroker","MIT’s Technology Review","The threat actor known as Intel Broker claims to have stolen the personal data of 290,762 individuals from MIT’s Technology Review website via a third-party contractor.","Unknown","Information and communication","Cyber Crime","US","Link","Supply Chain Compromise"
"29","05/11/2024","'Over the past five months'","'Over the past five months'","?","Multiple organizations","Researchers from Wallarm reveal that threat actors are abusing DocuSign's Envelopes API to create and mass-distribute fake invoices that appear genuine, impersonating well-known brands like Norton and PayPal.","Scam","Multiple Industries","Cyber Crime",">1","Link","Phishing Email"
"30","05/11/2024","Since November 2023","-","Venture Wolf","Organizations in manufacturing, construction, IT, and telecommunications in Russia","Researchers at BI.ZONE discover a previously unknown cluster dubbed Venture Wolf, employing multiple loaders to deliver MetaStealer to the target systems. The threat actor focuses on a range of industries, including manufacturing, construction, IT, and telecommunications.","Malware","Multiple Industries","Cyber Crime","RU","Link","Unknown"
"31","05/11/2024","During June 2024","During June 2024","Volt Typhoon","Singapore Telecommunications","The Chinese threat actors from Volt Typhoon reportedly breached Singapore Telecommunications (SingTel) over the summer as part of their ongoing attacks against critical infrastructure operators.","Targeted Attack","Information and communication","Cyber Crime","SG","Link","Unknown"
"32","05/11/2024","During November 2024","During November 2024","Threat actors from Iran and Russia","Public opinion in the U.S.","The U.S. Cybersecurity & Infrastructure Security Agency warns about last-minute influence operations conducted by Iranian and Russian actors to undermine the public trust in the integrity and fairness of the upcoming presidential election.","Coordinated Inauthentic Behavior","Individual","Cyber Warfare","US","Link","N/A"
"33","06/11/2024","'Recently'","'Recently'","?","eBay customers in the U.S.","Researchers at Malwarebytes discover a campaign where tech support scammers are targeting eBay customers in the U.S. via fraudulent Google ads.","Scam","Wholesale and retail","Cyber Crime","US","Link","Malvertising"
"34","06/11/2024","Since at least 27/03/2024","27/03/2024","?","Individuals in Australia","Researchers at Sophos discover a campaign targeting Bengal cat lovers in Australia with the Gootloader malware.","Malware","Individual","Cyber Crime","AU","Link","Malvertising"
"35","06/11/2024","Since 2021","-","?","Multiple organizations","Researchers at Socket discover 'fabrice' a malicious package on the Python Package Index (PyPI) downloaded 37,000 times for over three years while stealthily exfiltrating developers' Amazon Web Services (AWS) credentials.","Malware","Multiple Industries","Cyber Crime",">1","Link","Supply Chain Compromise"
"36","06/11/2024","'Recently'","'Recently'","?","Individuals in China","Researchers at Fortinet reveal that threat actors are increasingly targeting Windows users with the malicious Winos4.0 framework, distributed via seemingly benign game-related apps.","Malware","Individual","Cyber Crime","CN","Link","Rogue App"
"37","06/11/2024","Since July 2024","Since July 2024","?","Multiple organizations","Researchers at Check Point reveal the details of CopyRh(ight)adamantys, an ongoing, large scale and sophisticated phishing campaign deploying the newest version of the Rhadamanthys stealer (0.7).","Malware","Multiple Industries","Cyber Crime","US EU >1","Link","Phishing Email"
"38","06/11/2024","'Recently'","'Recently'","?","Android Banking users","Researchers at Cyble identify a new variant of the GodFather malware, now targeting 500 banking and cryptocurrency apps.","Malware","Finance and insurance","Cyber Crime","AZ ES GB GR IT JP SG TR US","Link","Rogue Website"
"39","06/11/2024","Since at least August 2024","During August 2024","?","Multiple organizations","Researchers at CloudSEK identify significant developments in the Androxgh0st botnet, revealing its exploitation of multiple vulnerabilities and a potential operational integration with the Mozi botnet.","Malware","Multiple Industries","Cyber Crime",">1","Link","Multiple Vulnerabilities"
"40","06/11/2024","-","-","?","Android Users in the Cryptocurrency Space","Researchers at Cyfirma discover a campaign carried out via the Android Spynote malware, masquerading as the ""Avast Mobile Security"" antivirus software to exploit Android processes to infiltrate devices, seize control and steal sensitive information from unsuspecting users.","Malware","Fintech","Cyber Crime",">1","Link","Rogue App"
"41","06/11/2024","Since February 2023","During August 2024","?","Individuals","Researchers at Kaspersky discover a new malicious package called 'SteelFox' able to mine cryptocurrency and steal credit card data by using the “bring your own vulnerable driver” technique to get SYSTEM privileges on Windows machines.","Malware","Individual","Cyber Crime",">1","Link","Rogue website"
"42","06/11/2024","-","06/11/2024","?","Microlise","A cyberattack on Microlise leaves British prison vans without tracking systems or panic alarms.","Unknown","Administration and support service","Cyber Crime","GB","Link","Unknown"
"43","06/11/2024","07/01/2024","28/09/2024","?","SelectBlinds","More than 200,000 who shopped for blinds or window dressing this year had their credit card information and other data stolen after threat actors placed malware on the website of SelectBlinds, a major retailer.","Malicious Script Injection","Wholesale and retail","Cyber Crime","US","Link","Web Page Vulnerability"
"44","06/11/2024","22/09/2024","-","?","Houston Housing Authority","The Houston Housing Authority falls victim of a ransomware attack.","Ransomware","Public admin and defence, social security","Cyber Crime","US","Link","Unknown"
"45","06/11/2024","04/11/2024","04/11/2024","Threats actors from multiple countries including Russia and Bulgaria","Montgomery County","Montgomery County’s information and technology solutions department reveals to have thwarted attempts of cyberattacks from other countries during the 2024 general election,","Unknown","Public admin and defence, social security","Unknown","US","Link","Unknown"
"46","07/11/2024","Since 2022","-","Threat actors from China","Multiple organizations","The UK's National Cyber Security Centre (NCSC) publishes an analysis of a Linux malware named ""Pigmy Goat"" created to backdoor Sophos XG firewall devices as part of recently disclosed attacks by Chinese threat actors.","Targeted Attack","Multiple Industries","Cyber Espionage",">1","Link","Security Appliance Vulnerability"
"47","07/11/2024","'Recently'","'Recently'","?","Users in LATAM","A sophisticated phishing campaign targets users in the Latin America (LATAM) region, with a multi-layered approach to bypass security measures and deceive victims into compromising sensitive information.","Malware","Individual","Cyber Crime",">1","Link","Phishing Email"
"48","07/11/2024","-","-","?","Undisclosed organization(s) in the U.S.","The U.S. Cybersecurity and Infrastructure Security Agency (CISA) adds the CVE-2024-43093 Android Framework Privilege Escalation Vulnerability to its Known Exploited Vulnerabilities (KEV) catalog, following reports of active exploitation as a zero-day.","Unknown","Unknown","Unknown","US","Link","OS Vulnerability"
"49","07/11/2024","-","-","?","Undisclosed organization(s) in the U.S.","The U.S. Cybersecurity and Infrastructure Security Agency (CISA) adds the CVE-2024-51567 CyberPanel Incorrect Default Permissions Vulnerability to its Known Exploited Vulnerabilities (KEV) catalog, following reports of active exploitation as a zero-day.","Unknown","Unknown","Unknown","US","Link","Publicly-facing App Vulnerability"
"50","07/11/2024","-","-","?","Undisclosed organization(s) in the U.S.","The U.S. Cybersecurity and Infrastructure Security Agency (CISA) adds the CVE-2024-5910 Palo Alto Expedition Missing Authentication Vulnerability to its Known Exploited Vulnerabilities (KEV) catalog, following reports of active exploitation as a zero-day.","Unknown","Unknown","Unknown","US","Link","Security Appliance Vulnerability"
"51","07/11/2024","-","-","?","Undisclosed organization(s) in the U.S.","The U.S. Cybersecurity and Infrastructure Security Agency (CISA) adds the CVE-2019-16278 Nostromo nhttpd Directory Traversal Vulnerability to its Known Exploited Vulnerabilities (KEV) catalog, following reports of active exploitation as a zero-day.","Unknown","Unknown","Unknown","US","Link","Publicly-facing App Vulnerability"
"52","07/11/2024","Since at least late May 2024","During late May 2024","?","Organizations that host or create payment infrastructure and gateways","Researchers at Palo Alto reveal the details of CL-CRI-0941, a campaign where attackers compromised multiple web servers to gain access to their environment and dump payment information from organizations that host or create payment infrastructure and gateways.","Malicious Script Injection","Fintech","Cyber Crime",">1","Link","Publicly-facing App Vulnerability"
"53","07/11/2024","Between April and September 2024","Between April and September 2024","MirrorFace a.k.a. Earth Kasha (part of APT10)","Undisclosed diplomatic organization in Europe","Researchers from ESET observe the China-aligned threat actor known as MirrorFace targeting a diplomatic organization in the European Union, using as a lure the upcoming World Expo, which will be held in 2025 in Osaka, Japan.","Targeted Attack","Public admin and defence, social security","Cyber Espionage","EU","Link","Phishing Email"
"54","07/11/2024","Since July 2024","During October 2024","BlueNoroff","Organizations in the cryptocurrency space","Researchers from SentinelOne reveal the details of ‘Hidden Risk’, a campaign orchestrated by BlueNoroff,  a threat actor with ties to the Democratic People's Republic of Korea (DPRK) targeting cryptocurrency-related businesses with a multi-stage malware capable of infecting Apple macOS devices.","Malware","Fintech","Cyber Crime",">1","Link","Phishing Email"
"55","07/11/2024","30/08/2024","30/08/2024","?","Undisclosed organization","Researchers at Perception Point discover threat actors distributing malware disguised as a legitimate shipping document, and delivering the malicious payload as a concatenated ZIP file attached to an email, designed to bypass detection in most standard ZIP readers while targeting Windows and WinRAR users.","Malware","Unknown","Cyber Crime","Unknown","Link","Phishing Email"
"56","07/11/2024","'Recently'","'Recently'","?","Electronic manufacturing, engineering and industrial companies in European countries including Romania, Poland, Germany and Kazakhstan","Researchers at Cado Security discover a GuLoader campaign targeting European industrial and engineering companies.","Malware","Multiple Industries","Cyber Crime","DE PL RO KZ","Link","Phishing Email"
"57","07/11/2024","Since at least October 2024","During October 2024","?","Windows Users","Researchers at CYFIRMA identify “Wish Stealer,” a new Node.js-based malware that targets Windows users by stealing sensitive information from Discord, web browsers, cryptocurrency wallets, and social media accounts.","Malware","Individual","Cyber Crime",">1","Link","Unknown"
"58","07/11/2024","-","-","Vizor","Call of Duty gamers","A threat actor dubbed Vizor reveals that they banned ‘thousands’ of Call of Duty gamers by abusing anti-cheat flaw.","DoS","Arts entertainment, recreation","Cyber Crime",">1","Link","Publicly-facing App Vulnerability"
"59","08/11/2024","'Recently'","'Recently'","Frag","Multiple organizations","Researchers at Sophos discover the Frag ransomware gang exploiting the VEEAM CVE-2024-40711 exploit in attacks on compromised networks.","Ransomware","Multiple Industries","Cyber Crime",">1","Link","Security Appliance Vulnerability"
"60","08/11/2024","30/09/2024","30/09/2024","?","Multiple organizations","Researchers at Fortinet uncover a dangerous phishing campaign distributing a new Remcos RAT variant exploiting the CVE-2017-0199 vulnerability to download and execute an HTML Application (HTA) file.","Malware","Multiple Industries","Cyber Crime",">1","Link","Endpoint Software Vulnerability"
"61","08/11/2024","-","-","?","Roblox developers","Researchers at Socket detect five malicious npm packages specifically targeting Roblox users, and designed to impersonate legitimate modules widely used within the Roblox developer community. The threat actor published typosquatted packages to deceive developers into installing Skuld infostealer and Blank Grabber malware.","Malware","Arts entertainment, recreation","Cyber Crime",">1","Link","Supply Chain Compromise"
"62","08/11/2024","08/11/2024","08/11/2024","?","Multiple organizations","Researchers at Malwarebytes discover a Fakebat (a.k.a. Eugenloader, PaykLoader) campaign where the malware is distributed via a malicious Google ad for the productivity application Notion.","Malware","Multiple Industries","Cyber Crime",">1","Link","Malvertising"
"63","08/11/2024","-","-","Pro-Russian Hacktivists","Government Websites and Private Companies in South Korea","Pro-Russian hacktivists target South Korea with DDoS attacks as North Korea joins the Ukraine war.","DDoS","Multiple Industries","Hacktivism","KR","Link","N/A"
"64","08/11/2024","29/10/2024","29/10/2024","?","Newpark Resources","Newpark Resources, a key supplier for oilfields says a ransomware attack caused disruptions and limited access to certain systems.","Ransomware","Electricity, gas steam, air conditioning","Cyber Crime","US","Link","Unknown"
"65","08/11/2024","'Recently'","'Recently'","?","Ahold Delhaize","Ahold Delhaize, the Dutch parent company of Stop & Shop, Hannaford, Food Lion, and Giant Food releases a statement warning that it recently discovered a cyberattack within its U.S. network.","Unknown","Wholesale and retail","Cyber Crime","US","Link","Unknown"
"66","08/11/2024","06/11/2024 and 07/11/2024","06/11/2024 and 07/11/2024","?","African Americans","The FBI and several Black political leaders warn the public about a string of offensive text messages sent to African Americans across the U.S. following former President Donald Trump’s win in the 2024 presidential election.","Unknown","Individual","Cyber Crime","US","Link","Unknown"
"67","08/11/2024","-","21/05/2024","?","Forth","Debt relief solutions provider Forth (Set Forth) notifies 1.5 million individuals that their personal information was compromised in a May 2024 data breach.","Unknown","Finance and insurance","Cyber Crime","US","Link","Unknown"
"68","08/11/2024","End of October 2024","20/10/2024","?","The Tor Project","A coordinated IP spoofing attack attempts to disrupt the Tor anonymity network, according to the Tor Project and relay operators.","IP Spoofing","Other service activities","Cyber Crime","N/A","Link","Unknown"
"69","08/11/2024","-","-","Stornous","Guardian Healthcare","Guardian Healthcare is the victim of a Stormous ransomware attack. The threat actors leaked 3 GB of files, many of which contain protected health information (PHI) of patients.","Ransomware","Human health and social work","Cyber Crime","US","Link","Unknown"
"70","09/11/2024","-","-","?","Senior British Residents","Scammers target senior British residents with bogus ""winter heating allowance"" and ""cost of living support"" scam texts.","Scam","Individual","Cyber Crime","GB","Link","SMS"
"71","09/11/2024","During May 2023","During May 2023","Nam3L3ss","Amazon","Amazon confirms a data breach involving employee information after data allegedly stolen during the May 2023 MOVEit attacks is leaked on a hacking forum.","Unknown","Wholesale and retail","Cyber Crime","US","Link","Supply Chain Compromise"
"72","10/11/2024","10/11/2024","10/11/2024","Threat Actors from Iran?","Hyp","Devices used across Israel to read credit cards malfunction after a suspected DDoS targets the payment gateway company Hyp’s CreditGuard product.","DDoS","Fintech","Hacktivism","IL","Link","N/A"
"73","11/11/2024","-","21/10/2024","Satanic","Hot Topic","An alleged data breach exposes the personal information of 56,904,909 accounts for Hot Topic, Box Lunch, and Torrid customers, but the threat actors claims to have stolen 350 million records.","Malware","Wholesale and retail","Cyber Crime","US","Link","Unknown"
"74","11/11/2024","'Recently'","'Recently'","Ymir","Undisclosed organization in Colombia","Researchers at Kaspersky discover a new ransomware family called 'Ymir', encrypting systems that were previously compromised by the RustyStealer infostealer malware.","Ransomware","Unknown","Cyber Crime","CO","Link","Unknown"
"75","11/11/2024","Early November 2024","Early November 2024","?","Multiple organizations","Researchers at Perception Point outline a new two-step phishing attack that employs Microsoft Visio (.vdsx) files and SharePoint to steal credentials. The email messages masquerade as a business proposal and are sent from previously breached email accounts to bypass authentication checks.","Malware","Multiple Industries","Cyber Crime",">1","Link","Phishing Email"
"76","11/11/2024","During May 2023","During May 2023","Nam3L3ss","Delta","Delta confirms a data breach involving employee information after data allegedly stolen during the May 2023 MOVEit attacks is leaked on a forum.","Unknown","Transportation and storage","Cyber Crime","US","Link","Supply Chain Compromise"
"77","11/11/2024","End of October","-","Stormous","Bucharest City Hall","The data of approximately 200,000 citizens of the administrative unit Sector 5 of the city of Bucharest are put up for sale after the City Hall suffers a RansomHub ransomware attack at the end of October.","Ransomware","Public admin and defence, social security","Cyber Crime","RO","Link","Unknown"
"78","11/11/2024","-","-","?","DeltaPrime","DeltaPrime, the decentralized finance borrowing protocol suffers a cyber attack with a loss of $4.8 million worth of crypto assets.","Unknown","Fintech","Cyber Crime","PL","Link","Publicly-facing App Vulnerability"
"79","11/11/2024","-","-","Threat actors affiliated with Iran","Nuclear scientist and senior Israeli officials","Threat actors believed to be affiliated with Iranian intelligence expose the personal details of a nuclear scientist who worked at the Soreq Nuclear Research Center, and private photos and emails of senior Israeli officials, including a former Defense Ministry director general.","Unknown","Individual","Cyber Warfare","IL","Link","Unknown"
"80","12/11/2024","-","Late October 2024","Threat actors from North Korea","Multiple organizations","Researchers at Jamf discover malware samples believed to be tied to North Korea, built using Flutter, which by design provides obfuscation to the malicious code.","Malware","Multiple Industries","Cyber Crime",">1","Link","Rogue App"
"81","12/11/2024","-","-","?","Undisclosed organization(s) in the U.S.","The U.S. Cybersecurity and Infrastructure Security Agency (CISA) adds the CVE-2021-26086 Atlassian Jira Server and Data Center Path Traversal Vulnerability to its Known Exploited Vulnerabilities (KEV) catalog, following reports of active exploitation as a zero-day.","Unknown","Unknown","Unknown","US","Link","Publicly-facing App Vulnerability"
"82","12/11/2024","-","-","?","Undisclosed organization(s) in the U.S.","The U.S. Cybersecurity and Infrastructure Security Agency (CISA) adds the Cisco Adaptive Security Appliance (ASA) Cross-Site Scripting (XSS) Vulnerability to its Known Exploited Vulnerabilities (KEV) catalog, following reports of active exploitation as a zero-day.","Unknown","Unknown","Unknown","US","Link","Security Appliance Vulnerability"
"83","12/11/2024","-","-","?","Undisclosed organization(s) in the U.S.","The U.S. Cybersecurity and Infrastructure Security Agency (CISA) adds the Metabase GeoJSON API Local File Inclusion Vulnerability to its Known Exploited Vulnerabilities (KEV) catalog, following reports of active exploitation as a zero-day.","Unknown","Unknown","Unknown","US","Link","Publicly-facing App Vulnerability"
"84","12/11/2024","-","-","?","Undisclosed organization(s) in the U.S.","The U.S. Cybersecurity and Infrastructure Security Agency (CISA) adds the CVE-2024-43451 Microsoft Windows NTLMv2 Hash Disclosure Spoofing Vulnerability to its Known Exploited Vulnerabilities (KEV) catalog, following reports of active exploitation as a zero-day.","Unknown","Unknown","Unknown","US","Link","OS Vulnerability"
"85","12/11/2024","-","-","?","Undisclosed organization(s) in the U.S.","The U.S. Cybersecurity and Infrastructure Security Agency (CISA) adds the CVE-2024-49039 Microsoft Windows Task Scheduler Privilege Escalation Vulnerability to its Known Exploited Vulnerabilities (KEV) catalog, following reports of active exploitation as a zero-day.","Unknown","Unknown","Unknown","US","Link","OS Vulnerability"
"86","12/11/2024","Since September 2024","Since September 2024","Volt Typhoon","Multiple organizations in Asia","Researchers at SecurityScorecard reveal that the Chinese group Volt Typhoon has started to rebuild its botnet by targeting outdated Cisco and Netgear routers and has compromised a significant number of devices primarily located in Asia.","Malware","Multiple Industries","Cyber Espionage",">1","Link","Hardware Vulnerability"
"87","12/11/2024","During November 2024","During November 2024","Hive0145","Multiple organizations in Europe","Researchers at IBM X-Force discover an ongoing Hive0145 campaigns delivering Strela Stealer malware to victims throughout Europe – primarily Spain, Germany and Ukraine.","Malware","Multiple Industries","Cyber Crime","ES DE UA","Link","Phishing Email"
"88","12/11/2024","Since at least September 2023","'Recently'","TA455 (subgroup of APT35 a.k.a. Charming Kitten)","Organizations in the Aerospace Industry","Researchers at ClearSky identify a campaign named “Iranian Dream Job”, in which the Iranian threat actor TA455 targeted the aerospace industry by offering fake jobs with the SnailResin malware, which activates the SlugResin backdoor attributed to a subgroup of the Iranian group Charming Kitten.","Targeted Attack","Manufacturing","Cyber Espionage",">1","Link","Social Engineering"
"89","12/11/2024","Late May 2024","Late May 2024","TAG-112","Tibet Post and Gyudmed Tantric University","Researchers at Recorded Future reveal that the Chinese state-sponsored threat group TAG-112 compromised two Tibetan websites, Tibet Post and Gyudmed Tantric University, to deliver the Cobalt Strike malware","Targeted Attack","Multiple Industries","Cyber Espionage","CN","Link","Publicly-facing App Vulnerability"
"90","12/11/2024","'Recently'","'Recently'","?","Unknown Organizations","Researchers at Hunt.io uncover an operation leveraging the Sliver command-and-control (C2) framework and Ligolo-ng tunneling tool, aimed at targeting victims using the trusted name of Y Combinator, a renowned startup accelerator.","Malware","Unknown","Unknown","Unknown","Link","Unknown"
"91","12/11/2024","12/11/2024","12/11/2024","?","Multiple Organizations","GitHub projects are targeted with malicious commits and pull requests, in an attempt to inject backdoors into these projects.","Malware","Multiple Industries","Cyber Crime",">1","Link","Supply Chain Compromise"
"92","12/11/2024","'Recently'","'Recently'","?","Multiple Organizations","Researchers at Rapid7 observe an ongoing malware campaign involving a new version of LodaRAT with the ability to steal cookies and passwords from Microsoft Edge and Brave.","Malware","Multiple Industries","Cyber Crime",">1 CA IN US","Link","Rogue App"
"93","12/11/2024","During February and October 2024","During February and October 2024","WIRTE","Organizations in Israel","Researchers at Check Point reveal that the threat actor dubber WIRTE, affiliated with Hamas has expanded its malicious cyber operations beyond espionage to carry out disruptive attacks with the SameCoin malware that exclusively target Israeli entities.","Malware","Multiple Industries","Cyber Warfare","IL","Link","Phishing Email"
"94","12/11/2024","'Since late October'","'Since late October'","?","City of Sheboygan","Threat actors demand a ransom from officials in the city of Sheboygan, after launching an attack that caused network issues.","Ransomware","Public admin and defence, social security","Cyber Crime","US","Link","Unknown"
"95","12/11/2024","05/02/2024","12/04/2024","?","Form I-9 Compliance","Employee eligibility verification solutions provider Form I-9 Compliance suffers a data breach and its impact is far bigger than initially believed, reaching 190,000 people.","Unknown","Unknown","Cyber Crime","US","Link","Unknown"
"96","12/11/2024","From October 2023 to April 2024","-","APT41 (a.k.a. Barium, Brass Typhoon, Bronze Atlas, Wicked Panda, and Winnti)","Organizations in  in Southeast Asia","Researchers at BlackBerry details another step in the evolution of the LightSpy campaign, carried out by the Chinese group APT41, expanded to Windows systems as well with the addiction of the DeepData Framework.","Targeted Attack","Multiple Industries","Cyber Espionage",">1","Link","Unknown"
"97","12/11/2024","25/07/2024","26/07/2024","?","Team Software","Business software maker Team Software (WorkWave) revealed this week that a recent data breach impacts nearly 100,000 individuals.","Unknown","Professional, scientific and technical","Cyber Crime","US","Link","Unknown"
"98","13/11/2024","-","-","Lazarus Group","Unknown Organizations","Researchers at Group-IB discover a new technique leveraged by the North Korean threat actor Lazarus that abuses extended attributes for macOS files to smuggle a new malware called RustyAttr.","Targeted Attack","Unknown","Unknown","Unknown","Link","Unknown"
"99","13/11/2024","-","-","?","Unknown Organizations","Researchers at Wordfence reveal that the CVE-2024-10571 vulnerability targeting the WordPress Chart Plugin is under active exploitation.","Unknown","Unknown","Unknown","Unknown","Link","Publicly-facing App Vulnerability"
"100","13/11/2024","'Recently'","'Recently'","?","Multiple Organizations","​Researchers at Gen discover a new malware dubbed Glove Stealer, able to bypass Google Chrome's Application-Bound (App-Bound) encryption to steal browser cookies.","Malware","Multiple Industries","Cyber Crime",">1","Link","Phishing Email Social Engineering"
"101","13/11/2024","-","-","?","Undisclosed Organizations","Researchers at the Shadowserver Foundation reveal that ​attackers are now targeting CVE-2024-10914, a critical severity vulnerability with publicly available exploit code that affects multiple models of end-of-life D-Link network-attached storage (NAS) devices.","Unknown","Unknown","Cyber Crime","Unknown","Link","OS Vulnerability"
"102","13/11/2024","-","During February 2024","?","DemandScience (formerly Pure Incubation)","The business contact information for 122 million people circulating since February 2024 is now confirmed to have been stolen from DemandScience, a B2B demand generation platform.","Unknown","Administration and support service","Cyber Crime","US","Link","Unknown"
"103","13/11/2024","During June 2024","During June 2024","UAC-0194","Multiple  organizations in Ukraine","Researchers at ClearSky reveal that CVE-2024-43451, a newly patched security flaw impacting Windows NT LAN Manager (NTLM) was exploited as a zero-day by UAC-0194, a suspected Russia-linked actor as part of cyber attacks targeting Ukraine with the open-source Spark RAT malware.","Targeted Attack","Multiple Industries","Cyber Espionage","UA","Link","Phishing Email"
"104","13/11/2024","28/10/2024","28/10/2024","UAC-0050","Multiple  organizations in Ukraine","The agency Computer Emergency Team of Ukraine (CERT-UA) warns that phishing emails bearing tax-related lures are being used to propagate a legitimate remote desktop software named LiteManager, describing the attack campaign as financially motivated and undertaken by a threat actor named UAC-0050.","Malware","Multiple Industries","Cyber Crime","UA","Link","Phishing Email"
"105","14/11/2024","-","-","?","Undisclosed organization(s) in the U.S.","The U.S. Cybersecurity and Infrastructure Security Agency (CISA) adds the CVE-2024-9463 Palo Alto Networks Expedition OS Command Injection Vulnerability to its Known Exploited Vulnerabilities (KEV) catalog, following reports of active exploitation as a zero-day.","Unknown","Unknown","Unknown","US","Link","Security Appliance Vulnerability"
"106","14/11/2024","-","-","?","Undisclosed organization(s) in the U.S.","The U.S. Cybersecurity and Infrastructure Security Agency (CISA) adds the CVE-2024-9465 Palo Alto Networks Expedition SQL Injection Vulnerability to its Known Exploited Vulnerabilities (KEV) catalog, following reports of active exploitation as a zero-day.","Unknown","Unknown","Unknown","US","Link","Security Appliance Vulnerability"
"107","14/11/2024","Since December 2019","During Q3 2024","Vacant Viper","Unknown Organizations","Researchers at Infoblox reveal that a threat actor dubbed Vacant Viper has performed 'Sitting Ducks' attacks against multiple organizations abusing DNS misconfigurations.","DNS Hijacking","Unknown","Cyber Crime","Unknown","Link","Misconfiguration"
"108","14/11/2024","Since at least February 2023","During Q3 2024","Horrid Hawk","Unknown Organizations","Researchers at Infoblox reveal that a threat actor dubbed Horrid Hawk has performed 'Sitting Ducks' attacks against multiple organizations abusing DNS misconfigurations.","DNS Hijacking","Unknown","Cyber Crime","Unknown","Link","Misconfiguration"
"109","14/11/2024","Since at least March 2022","During Q3 2024","Hasty Hawk","Unknown Organizations","Researchers at Infoblox reveal that a threat actor dubbed Hasty Hawk has performed 'Sitting Ducks' attacks against multiple organizations abusing DNS misconfigurations.","DNS Hijacking","Unknown","Cyber Crime","Unknown","Link","Misconfiguration"
"110","14/11/2024","Since February 2023","During Q3 2024","VexTrio Viper","Unknown Organizations","Researchers at Infoblox reveal that a threat actor dubbed VexTrio Viper has performed 'Sitting Ducks' attacks against multiple organizations abusing DNS misconfigurations.","DNS Hijacking","Unknown","Cyber Crime","Unknown","Link","Misconfiguration"
"111","14/11/2024","-","-","?","Individuals","Researchers at Google reveal that bad actors are leveraging techniques like landing page cloaking to conduct scams by impersonating legitimate sites.","Scam","Individual","Cyber Crime",">1","Link","Rogue Website"
"112","14/11/2024","During October 2024","During October 2024","SafePay","Multiple organizations","Researchers ast Huntress uncover a previously unreported ransomware strain, dubbed SafePay.","Ransomware","Multiple Industries","Cyber Crime",">1","Link","Unknown"
"113","14/11/2024","Since October 2024","During October 2024","SilkSpecter","e-Commerce Consumers","Researchers from EclecticIQ reveal that a financially motivated Chinese threat actor dubbed ""SilkSpecter"" is using thousands of fake online stores to steal the payment card details of online shoppers in the U.S. and Europe.","Account Takeover","Individual","Cyber Crime",">1","Link","N/A"
"114","14/11/2024","During November 2024","During November 2024","?","Individuals in Switzerland","The Switzerland's National Cyber Security Centre (NCSC) issues an alert about malware being spread via the country's postal service in disguise of the national Alertswiss weather app.","Malware","Individual","Cyber Crime","CH","Link","Rogue App"
"115","14/11/2024","-","-","Vietnamese Threat Actor","Government and Education Organizations in Europe and Asia","Researchers at Cisco Talos discover PXA Stealer, a new Python-based information stealer operated by a Vietnamese-speaking threat actor targeting government and education entities in Europe and Asia.","Malware","Multiple Industries","Cyber Crime","DK SE Other Countries","Link","Phishing Email"
"116","14/11/2024","-","08/11/2024","INC Ransom","Hungary Defense Procurement Agency","Hungarian officials confirm to local media that the country’s defense procurement agency (VBÜ) was attacked by an “international group of hackers.” The INC Ransom group claims responsibility for the attack.","Ransomware","Public admin and defence, social security","Cyber Crime","HU","Link","Unknown"
"117","14/11/2024","21/08/2024","15/10/2024","?","AnnieMac Home Mortgage","New Jersey-based mortgage loan provider AnnieMac Home Mortgage (American Neighborhood Mortgage Acceptance Company) informs over 171,000 individuals of a recent data breach.","Unknown","Finance and insurance","Cyber Crime","US","Link","Unknown"
"118","14/11/2024","-","-","Threat actors from North Korea","Job Seekers in the technology sector","Researcher at Palo Alto Networks reveal that North Korean threat actors have used the BeaverTail malware in a cluster of activity tracked as CL-STA-0237, consisting of phishing campaigns targeting job seekers in the technology sector via fake recruiters.","Targeted Attack","Professional, scientific and technical","Cyber Espionage","US","Link","Rogue App"
"119","15/11/2024","-","-","?","Unknown Organization(s)","Researchers at the Shadowserver Foundation detect the active exploitation of CVE-2024-11120, a zero-day vulnerability in GeoVision devices, which the manufacturer no longer supports.","Unknown","Unknown","Unknown","Unknown","Link","Hardware Vulnerability"
"120","15/11/2024","Since at least July 2024","During July 2024","BrazenBamboo","Unknown Organization(s)","Researchers at Volexity disclose that Chinese threat actors use a custom post-exploitation toolkit named 'DeepData' to exploit a zero-day vulnerability in Fortinet's FortiClient Windows VPN client to steal credentials.","Targeted Attack","Unknown","Cyber Espionage","Unknown","Link","Endpoint Software Vulnerability"
"121","15/11/2024","-","-","?","Unknown Organization(s)","Palo Alto Networks warns that CVE-2024-0012, a critical zero-day vulnerability on its Next-Generation Firewalls (NGFW) management interfaces§ is actively being exploited in attacks.","Unknown","Multiple Industries","Unknown","N/A","Link","Security Appliance Vulnerability"
"122","15/11/2024","Early October 2024","11/10/2024","?","Maxar Space Systems","U.S. satellite maker Maxar Space Systems reveals that threat actors breached its systems and accessed personal data belonging to its employees, the company informs in a notification to impacted individuals.","Unknown","Manufacturing","Cyber Crime","US","Link","Unknown"
"123","15/11/2024","'Over the past couple of months'","'Over the past couple of months'","State-sponsored threat actors from China","Multiple organizations in Canada","The Canadian government announces that state-sponsored threat actors from China have been performing broad network scans over the past couple of months, targeting a wide spectrum of organizations.","Unknown","Multiple Industries","Cyber Espionage","CA","Link","Unknown"
"124","15/11/2024","'Recently'","'Recently'","Salt Typhoon (a.k.a. Earth Estries, FamousSparrow, Ghost Emperor, and UNC2286)","T-Mobile","T-Mobile confirms it was hacked in the wave of recently reported telecom breaches conducted by the Chinese threat actors from Salt Typhoon to gain access to private communications, call records, and law enforcement information requests.","Targeted Attack","Information and communication","Cyber Espionage","US","Link","Unknown"
"125","15/11/2024","Since October 2024","15/11/2024","?","Sensitive government and police databases in Italy","Threat actors create fake websites that impersonate an AI video and image editor called EditPro, to infect Windows and macOS with the Lumma Stealer and AMOS information-stealing malware.","Malware","Multiple Industries","Cyber Crime",">1","Link","Rogue Website"
"126","15/11/2024","06/11/2024 and 07/11/2024","06/11/2024 and 07/11/2024","?","Latinos and members of the LGBTQ+ community in the U.S.","The FBI says that Racist text messages sent to African Americans across the U.S. last week were also sent to Latinos and members of the LGBTQ+ community.","Unknown","Individual","Cyber Crime","US","Link","Unknown"
"127","15/11/2024","05/09/2024","08/09/2024","?","Great Plains Regional Medical Center","Great Plains Regional Medical Center in Oklahoma notifies over 133,000 individuals that their personal information was compromised in a ransomware attack.","Ransomware","Human health and social work","Cyber Crime","US","Link","Unknown"
"128","15/11/2024","29/04/2024","29/04/2024","LockBit 3.0","Equinox","Equinox notifies clients and staff members about a data security incident on April 29 due to a LockBit 3.0 ransomware attack.","Ransomware","Administration and support service","Cyber Crime","US","Link","Unknown"