"ID","Date Reported","Date Occurred","Date Discovered","Author","Target","Description","Attack","Target Class","Attack Class","Country","Link","Initial Access"
"1","16/11/2024","'Recently'","'Recently'","DONOT a.k.a. APT-C-35","Manufacturing industry in Pakistan","Researchers at Cyble discover a campaign linked to the known APT group DONOT, targeting the manufacturing industry that supports the country’s maritime and defense sectors.","Targeted Attack","Manufacturing","Cyber Espionage","PK","Link","Phishing Email"
"2","16/11/2024","15/11/2024","15/11/2024","?","Thala","Thala reveals it had suffered a “security breach” due to an “isolated vulnerability” related to its v1 farming contracts, which allowed the attacker to withdraw liquidity tokens. The company is able to recover $25.5 million of liquidity pool tokens","Unknown","Fintech","Cyber Crime","N/A","Link","Software Vulnerability"
"3","17/11/2024","-","-","Multiple threat actors","Multiple organizations","Threat actors increasingly use Scalable Vector Graphics (SVG) attachments to display phishing forms or deploy malware while evading detection.","Account Takeover Malware","Multiple Industries","Cyber Crime",">1","Link","Phishing Email"
"4","17/11/2024","-","-","?","Both English and Russian speaking business professionals in finance and administration","Researchers at Intezer discover a new stealthy malware loader called BabbleLoader observed in the wild delivering information stealer families such as WhiteSnake and Meduza.","Malware","Finance and insurance","Cyber Crime","RU US","Link","Unknown"
"5","17/11/2024","-","-","?","Library of Congress","The Library of Congress says that  threat actors broke into its communications systems and were able to read its email correspondence with congressional offices for most of this year.","Account Takeover","Education","Cyber Crime","US","Link","Unknown"
"6","18/11/2024","18/09/2024","17/09/2024","?","Multiple organizations","Proofpoint researchers identify a campaign using GitHub notifications to deliver malware.","Malware","Multiple Industries","Cyber Crime",">1","Link","Phishing Email"
"7","18/11/2024","During September 2024","During September 2024","?","Multiple organizations in Switzerland","Researchers at Proofpoint identify a German language campaign targeting Swiss organizations using ClickFix with the fake CAPTCHA. The messages impersonated the Swiss e-commerce marketplace Ricardo.","Malware","Multiple Industries","Cyber Crime","CH","Link","Phishing Email"
"8","18/11/2024","05/09/2024","05/09/2024","?","Multiple organizations","Researchers at Proofpoint identify a NetSupport campaign that used “benign” email messages to instruct users to copy and paste PowerShell into their terminal that ultimately delivered the NetSupport RAT.","Malware","Multiple Industries","Cyber Crime",">1","Link","Phishing Email"
"9","18/11/2024","20/09/2024","20/09/2024","?","Multiple organizations","Researchers at Proofpoint identify a campaign delivering Brute Ratel C4 and Latrodectus.","Malware","Multiple Industries","Cyber Crime",">1","Link","Phishing Email"
"10","18/11/2024","mid-October 2024","mid-October 2024","?","Multiple organizations","Researchers at Proofpoint observe malvertising using ChatGPT themed lures to deliver XWorm via the ClickFix technique.","Malware","Multiple Industries","Cyber Crime",">1","Link","Malvertising"
"11","18/11/2024","31/10/2024","31/10/2024","UAC-0050","Multiple organizations in Ukraine","Researchers at Proofpoint identify a Ukrainian language campaign, targeting organizations in Ukraine, purporting to be emails sharing documents or requested information with the recipient.","Malware","Multiple Industries","Cyber Crime","UA","Link","Phishing Email"
"12","18/11/2024","-","-","Water Barghest","Multiple organizations","Researchers at Trend Micro reveal that Water Barghest, an elusive, sophisticated cybercriminal group, has used known and zero-day vulnerabilities to compromise more than 20,000 SOHO routers and other IoT devices, and then put them up for sale on a residential proxy marketplace for state-sponsored cyber-espionage actors and others to use.","Malware","Multiple Industries","Cyber Espionage",">1","Link","Hardware Vulnerability"
"13","18/11/2024","12/11/2024","12/11/2024","?","Unknown organizations","Exploitation attempts are seen for CVE-2024-8068 and CVE-2024-8069, two recently patched Citrix Session Recording vulnerabilities.","Unknown","Multiple Industries","Unknown","Unknown","Link","Security Appliance Vulnerability"
"14","18/11/2024","Between 8/11/2024 and 14/11/2024","Between 8/11/2024 and 14/11/2024","?","Organizations interacting with state and municipal agencies","Researchers at SlashNext discover a rise in sophisticated phishing attacks leveraging DocuSign impersonations to target businesses interacting with state and municipal agencies.","Malware","Multiple Industries","Cyber Crime","US","Link","Phishing Email"
"15","18/11/2024","03/11/2024","03/11/2024","?","Multiple organizations","Researchers at Bitdefender uncover a malicious advertising (malvertising) campaign that exploits Meta’s advertising platform to distribute malware on Facebook.","Malware","Multiple Industries","Cyber Crime",">1","Link","Malvertising"
"16","18/11/2024","-","-","Threat actors from India","Individuals","Researchers at Malwarebytes discover a malvertising campaign hijacking the software functionality by generating bogus alert message.","Scam","Individual","Cyber Crime","Unknown","Link","Malvertising"
"17","18/11/2024","-","-","?","Spotify users","Spotify playlists and podcasts are being abused to push pirated software, game cheat codes, spam links, and ""warez"" sites.","Scam","Arts entertainment, recreation","Cyber Crime",">1","Link","Spotify Playlists"
"18","18/11/2024","-","-","Akira","35 organizations worldwide","The Akira ransomware-as-a-service gang publishes a record number (35) of new victims to its darknet leak site in a single day.","Ransomware","Multiple Industries","Cyber Crime",">1","Link","Unknown"
"19","18/11/2024","-","-","Unknown threat actors","Unknown organization(s)","Researchers at ​Broadcom warn that threat actors are now exploiting CVE-2024-38812 and CVE-2024-38813, two VMware vCenter Server vulnerabilities, one of which is a critical  code execution flaw.","Unknown","Unknown","Unknown","Unknown","Link","Public-facing App Vulnerability"
"20","18/11/2024","-","-","?","Multiple organizations","Palo Alto Networks releases fixes for two vulnerabilities (CVE-2024-0012 and CVE-2024-9474) in its next-generation firewalls that have been exploited by attackers as zero-days.","Unknown","Unknown","Unknown","Unknown","Link","Security Appliance Vulnerability"
"21","18/11/2024","-","-","?","Unknown organization(s)","Oracle fixes an unauthenticated file disclosure flaw in Oracle Agile Product Lifecycle Management (PLM) tracked as CVE-2024-21287, which was actively exploited as a zero-day to download files.","Unknown","Unknown","Unknown","Unknown","Link","Public-facing App Vulnerability"
"22","18/11/2024","'Recently'","'Recently'","?","Corporate and government employees","Researchers at TRAC Labs discover a wave of phishing campaigns carried out via a phishing kit under the name Gabagool targeting corporate and government employees.","Account Takeover","Multiple Industries","Cyber Crime",">1","Link","Phishing Email"
"23","18/11/2024","Mid-November 2024","Mid-November 2024","?","Individuals","The Microsoft 365 Admin Portal is being abused to send sextortion emails, making the messages appear trustworthy and bypassing email security platforms.","Scam","Individual","Cyber Crime","US","Link","Malspam"
"24","18/11/2024","-","-","?","iLearningEngines","iLearningEngines, an artificial intelligence company, says that a threat actor breached its network and stole a $250,000 wire payment.","Unknown","Professional, scientific and technical","Cyber Crime","US","Link","Unknown"
"25","18/11/2024","Mid-November 2024","Mid-November 2024","?","Multiple organizations in the U.S.","Researchers at ESET discover a new phishing campaign luring victims with a fake story about an attempt on President-elect Donald Trump’s life.","Account Takeover","Multiple Industries","Cyber Crime","US","Link","Malspam"
"26","18/11/2024","-","-","Embargo","American Associated Pharmacies","Ransomware group Embargo threatens to publish nearly 1.5 terabytes of data allegedly stolen in an attack on American Associated Pharmacies, a collaborative of 2,000 independent pharmacies.","Ransomware","Wholesale and retail","Cyber Crime","US","Link","Unknown"
"27","19/11/2024","Since at least mid-August 2024","31/10/2024","Helldown","31 organizations worldwide","Researchers at Sekoia discover a Linux variant of a relatively new ransomware strain called Helldown using the Zyxel CVE-2024-42057 vulnerability as initial access.","Ransomware","Multiple Industries","Cyber Crime",">1","Link","Hardware Vulnerability"
"28","19/11/2024","-","-","?","Multiple organizations","Researchers at Aqua reveal that malicious actors are exploiting misconfigured JupyterLab and Jupyter Notebooks to conduct stream ripping and enable sports piracy using live streaming capture tools..","Misconfiguration","Multiple Industries","Cyber Crime",">1","Link","Misconfiguration"
"29","19/11/2024","-","-","Unknown threat actors","Unknown organization(s)","The U.S. Cybersecurity & Infrastructure Security Agency (CISA) adds CVE-2024-1212, a critical OS command injection impacting Progress Kemp LoadMaster, to its Known Exploited Vulnerabilities (KEV) catalog.","Unknown","Unknown","Unknown","Unknown","Link","Public-facing App Vulnerability"
"30","19/11/2024","Since at least 2020","During 2021","LIMINAL PANDA","Telecommunications entities in South Asia and Africa","Researchers at Crowdstrike discover LIMINAL PANDA, a new China-linked cyber espionage group behind a series of targeted cyber attacks against telecommunications entities in South Asia and Africa since at least 2020 with the goal of enabling intelligence collection.","Targeted Attack","Information and communication","Cyber Espionage",">1","Link","Unknown"
"31","19/11/2024","-","-","Unknown threat actors","Unknown organization(s)","Apple releases security updates to address CVE-2024-44308 and CVE-2024-44309, two zero-day vulnerabilities that are under active exploitation in the wild.","Unknown","Unknown","Unknown","Unknown","Link","Endpoint Software Vulnerability"
"32","19/11/2024","17/11/2024","17/11/2024","?","International Game Technology","International Game Technology (IGT), one of the largest gambling companies in the U.S. says that a cyberattack caused massive disruptions to their operations, forcing them to take some systems offline.","Unknown","Arts entertainment, recreation","Cyber Crime","GB","Link","Unknown"
"33","19/11/2024","From early 2023 to early 2024","From early 2023 to early 2024","Earth Kasha","Multiple organizations in Japan, Taiwan, and India","Researchers at Trend Micro identify a new campaign carried out by the Chinese group Earth Kasha targeting organizations in Japan, Taiwan, and India.","Targeted Attack","Multiple Industries","Cyber Espionage","IN JP TW","Link","Public-facing App Vulnerability"
"34","19/11/2024","-","-","?","Multiple organizations","Researchers at Hunt uncover a new deployment of XenoRAT, using Excel XLL files and advanced obfuscation techniques.","Malware","Multiple Industries","Cyber Crime",">1","Link","Phishing Email"
"35","19/11/2024","During November 2024","17/11/2024","EnergyWeaponUser and IntelBroker","Ford Motor Company","Ford is investigating allegations that it suffered a data breach after a threat actor claimed to leak 44,000 customer records on a hacking forum.","Unknown","Manufacturing","Cyber Crime","US","Link","Supply Chain Compromise"
"36","19/11/2024","07/11/2024","19/11/2024","abyss0","Finastra","Finastra confirms it warned customers of a cybersecurity incident after a threat actor begins selling allegedly stolen data on a hacking forum after using compromised credentials to access one of Finastra's Secure File Transfer Platform (SFTP) systems.","Account Takeover","Fintech","Cyber Crime","GB","Link","Compromised Credentials"
"37","19/11/2024","-","-","Altam Beezley","Undisclosed Law Firm","A threat actor, who goes online with the name name Altam Beezley, gained  access to a computer file shared in a secure link among lawyers whose clients have given damaging testimony related to Matt Gaetz, the former Florida congressman who is President-elect Donald J. Trump’s choice to be attorney general.","Misconfiguration","Professional, scientific and technical","Cyber Crime","US","Link","Misconfiguration"
"38","20/11/2024","20/11/2024","20/11/2024","?","Amazon users","Amazon, Amazon Music, and Audible are flooded with bogus listings that push dubious ""forex trading"" sites, Telegram channels, and suspicious links claiming to offer pirated software.","Scam","Wholesale and retail","Cyber Crime",">1","Link","Amazon Listings"
"39","20/11/2024","Since at least 05/02/2024","During June 2024","?","Individuals in the US, Ireland, UK, India and Italy","Researchers at Malwarebytes discover a campaign promoting tech support scams via bogus sad announcements.","Scam","Individual","Cyber Crime","GB IE IN IT US","Link","Malspam"
"40","20/11/2024","'Recently'","'Recently'","Threat actors from Vietnam","Facebook Ads Manager accounts","Researchers at Netskope discover an updated version of the Python-based NodeStealer equipped to extract more information from victims' Facebook Ads Manager accounts and harvest credit card data stored in web browsers.","Malware","Information and communication","Cyber Crime",">1","Link","Instant Messaging App"
"41","20/11/2024","Mid-November 2024","Mid-November 2024","?","Multiple organizations","Researchers at Cofense discover new phishing campaigns that employ website contact forms and invoice-themed lures to deliver malware families like I2Parcae RAT and PythonRatLoader,","Malware","Multiple Industries","Cyber Crime",">1","Link","Malspam"
"42","20/11/2024","Since at least early November 2024","Early November 2024","?","Multiple organizations","Researchers at McAfee discover a campaign distributing the Lumma Stealer malware disguised a legitimate app via Telegram.","Malware","Multiple Industries","Cyber Crime",">1","Link","Instant Messaging App"
"43","20/11/2024","'Recently'","'Recently'","?","Unknown organizations","Researchers at Trellix discover a new attack that leverages the bring-your-own-vulnerable-driver (BYOVD) approach with an old version of the anti-rootkit Avast driver to stop security products on a targeted system.","Malware","Unknown","Cyber Crime","Unknown","Link","Unknown"
"44","20/11/2024","-","-","RansomHub","Mexico Legal Affairs Office","Mexico’s president Claudia Sheinbaum says that the government is investigating an alleged ransomware hack of her administration’s legal affairs office after what appeared to be samples of personal information from a database of government employees were posted online.","Ransomware","Public admin and defence, social security","Cyber Crime","MX","Link","Unknown"
"45","20/11/2024","19/11/2024","19/11/2024","nears' (previously near2tlg)","Undisclosed Hospital in France","A threat actor using the nickname 'nears' (previously near2tlg) claims to have attacked multiple healthcare facilities in France, alleging that they have access to the patient records of over 1,500,000 people. The hacker claims they breached MediBoard by Software Medical Group, a company offering Electronic Patient Record (EPR) solutions across Europe. The company confirms that hackers have compromised a MediBoard account. However, it noted that this was not the result of a software vulnerability or misconfiguration on their part, but rather through the use of stolen credentials used by the hospital.","Account Takeover","Human health and social work","Cyber Crime","FR","Link","Compromised Credentials"
"46","20/11/2024","Between August to November 2024","Between August to November 2024","0mid16B","Central Group","A threat actor with the moniker 0mid16B claims to have breached the1 Card membership system across every retail and consumer brand under the Central Group, and to have stolen 5,108,826 records.","Exposed API Endpoint","Wholesale and retail","Cyber Crime","TH","Link","Misconfiguration"
"47","20/11/2024","-","-","Multiple Threat Actors","Individuals","Researchers from ThreatFabric discover a new cash-out tactic being actively used by the threat actors as well as promoted on underground forums, leveraging NFCGate, an academic project weaponized by threat actors.","Malware","Individual","Cyber Crime",">1","Link","Unknown"
"48","21/11/2024","15/11/2024","15/11/2024","?","Kumamoto Prefecture Violence Prevention Movement Promotion Center","The Kumamoto Prefecture Violence Prevention Movement Promotion Center says that 2,500 people who have used its counseling services (which aid with everything from evading extortion to disentangling romantically from Yakuza members) have been impacted by a data breach following a successful phishing attack.","Account Takeover","Public admin and defence, social security","Cyber Crime","JP","Link","Phishing Email"
"49","21/11/2024","During 2023","During 2023","Phishing","Multiple organizations in Taiwan, the Philippines, and Singapore","Researchers at ESET identify multiple samples of a Linux backdoor named WolfsBane, attributed with high confidence to the Gelsemium advanced persistent threat (APT) group.","Targeted Attack","Multiple Industries","Cyber Espionage","PH SG TW","Link","Public-facing App Vulnerability"
"50","21/11/2024","During November 2024","During November 2024","?","Crypto users in BlueSky","Cryptocurrency scams appear on BlueSky just as the decentralized microblogging service surpasses 20 million users.","Scam","Fintech","Cyber Crime",">1","Link","Compromised Credentials"
"51","21/11/2024","Since July 2024","-","TAG-110","Human rights groups, private security companies, and state and educational institutions in Central Asia, East Asia, and Europe","Researchers at Recorded Future identify an ongoing Russia-linked cyber-espionage campaign targeting human rights groups, private security companies, and state and educational institutions in Central Asia, East Asia, and Europe using custom malware.","Targeted Attack","Multiple Industries","Cyber Espionage","KG KZ UZ >1","Link","Public-facing App Vulnerability Phishing Email"
"52","21/11/2024","Since 18/11/2024","18/11/2024","Unknown threat actors","Unknown organization(s)","Threat actors have already compromised over 2000 Palo Alto Networks firewalls in attacks exploiting CVE-2024-0012 and CVE-2024-9474, two recently patched zero-day vulnerabilities.","Unknown","Multiple Industries","Unknown","Unknown","Link","Unknown"
"53","21/11/2024","Since November 2023","-","Xeroline","Multiple organizations","A threat actor with the moniker 0mid16B claims to have breached the 1 Card membership system across every retail and consumer brand under the Central Group, and to have stolen 5,108,826 records.","Malware","Multiple Industries","Cyber Crime",">1","Link","Supply Chain Compromise"
"54","21/11/2024","-","-","?","Undisclosed crypto users","Researchers at SafetyDetectives discover a malware strain able to bypass Microsoft Defender and 2FA, stealing $24K in cryptocurrency via a fake NFT game app.","Malware","Fintech","Cyber Crime","Unknown","Link","Rogue App"
"55","21/11/2024","'Earlier in 2024'","'Earlier in 2024'","?","Grand Forks Public Schools","Grand Forks Public Schools loses $2.2M to a phishing scam","Business Email Compromise","Education","Cyber Crime","US","Link","Compromised Credentials"
"56","21/11/2024","During 2024","During 2024","Multiple threat actors from Southeast Asia and the United Arab Emirates","Individuals","Meta reveals to have taken down more than 2 million accounts in 2024 connected to pig butchering scams conducted from Southeast Asia and the United Arab Emirates.","Scam","Individual","Cyber Crime",">1","Link","Social Engineering"
"57","21/11/2024","Since at least late October 2024","Late October 2024","?","Telecommunications and Financial Organizations in the U.S. and Canada","Researchers at EclecticIQ identify a phishing campaign targeting the telecommunications and financial sectors, leveraging Google Docs to deliver phishing links, redirecting victims to fake login pages hosted on Weebly","Account Takeover","Multiple Industries","Cyber Crime","CA US","Link","Phishing Email"
"58","21/11/2024","Since November 2024","20/11/2024","?","Multiple organizations","Researchers at Phylum discover that the PyPI package ""aiocpa"" was updated to include malicious code that steals private keys by exfiltrating them through Telegram when users initialize the crypto library.","Malware","Multiple Industries","Cyber Crime",">1","Link","Supply Chain Compromise"
"59","21/11/2024","Since the beginning of 2024","Since the beginning of 2024","?","Meta users","Meta announces that it has taken down 2 million accounts across its platforms since the beginning of the year that are linked to pig butchering and other scams.","Scam","Individual","Cyber Crime",">1","Link","Social Engineering"
"60","21/11/2024","During November 2024","During November 2024","?","Individuals","Researchers at Cloudflare discover a phishing campaign scaring recipients into believing they've been sacked, and infecting them with infostealers and other malware.","Malware","Individual","Cyber Crime",">1","Link","Phishing Email"
"61","21/11/2024","Since the beginning of 2024","Since the beginning of 2024","?","Multiple organizations","Researchers at NSFOCUS discover a resurgence of the XorBot botnet, a threat to Internet of Things (IoT) devices worldwide.","Malware","Multiple Industries","Cyber Crime",">1","Link","Hardware Vulnerability"
"62","21/11/2024","During October 2024","During October 2024","?","Multiple organizations","Researchers at ReversingLabs discover a targeted supply chain attack involving the widely used npm package @lottiefiles/lottie-player.","Malware","Multiple Industries","Cyber Crime",">1","Link","Supply Chain Compromise"
"63","21/11/2024","-","-","?","The Real World","Threat actors break into The Real World, far-right influencer Andrew Tate’s online ‘university,’ steal user data on close to 800,000 users, and flood chats with emojis.","Unknown","Education","Hacktivism","US","Link","Unknown"
"64","21/11/2024","-","-","CyberN-----s (IntelBroker and EnergyWeaponUser)","Numocity","The threat actor named CyberN-----s claims to have breached Tesla leaking 116,000 rows of data. in reality the data belongs to Numocity, a manufacturer of EV charging software, middleware, smart charges and more.","Unknown","Professional, scientific and technical","Cyber Crime","US","Link","Unknown"
"65","21/11/2024","16/12/2023","-","RA World","Rockford Gastroenterology Associates","Rockford Gastroenterology Associates notifies 147,253 patients of a ransomware attack occurred in December 2023.","Ransomware","Human health and social work","Cyber Crime","US","Link","Unknown"
"66","21/11/2024","Since 2020","-","North Korean state actors","Multiple organizations","Researchers at Sentinel One expose four fake front companies used by North Korean state actors to sidestep sanctions and raise funding for Kim Jong-Un regime's weapons development programs.","Targeted Attack","Multiple Industries","Cyber Warfare",">1","Link","Social Engineering"
"67","22/11/2024","Since 10/10/2024","10/10/2024","MUT-8694","Multiple organizations","Researchers at Datadog discover an ongoing supply chain attack targeting both the npm and PyPi package repositories via malicious packages distributing Blank Grabber and Skuld Stealer.","Malware","Multiple Industries","Cyber Crime",">1","Link","Supply Chain Compromise"
"68","22/11/2024","From 2023 to the first half of 2024","'Recently'","Mysterious Elephant a.k.a. APT-K-47","Multiple. organizations in Pakistan","Researchers at Knownsec 404 discover a new campaign by the APT-K-47 group, using an advanced version of malware called Asyncshell.","Targeted Attack","Multiple Industries","Cyber Espionage","PK","Link","Phishing Email"
"69","22/11/2024","04/02/2024","-","APT28 a.k.a.Fancy Bear/Forest Blizzard/Sofacy, GruesomeLarch","Undisclosed U.S. Company","Researchers at Volexity reveal that the Russian state threat actor APT28 breached a U.S. company through its enterprise WiFi network while being thousands of miles away, by leveraging a novel technique called ""nearest neighbor attack.""","Targeted Attack","Unknown","Cyber Espionage","US","Link","Compromised Credentials"
"70","22/11/2024","Since at least 2020","-","Sapphire Sleet overlapping with APT38 and BlueNoroff","Crypto users in Linkedin","Researchers at Microsoft reveal that the North Korea-linked threat actor known as Sapphire Sleet is estimated to have stolen more than $10 million worth of cryptocurrency as part of social engineering campaigns orchestrated over a six-month period.","Targeted Attack","Fintech","Cyber Crime",">1","Link","Social Engineering"
"71","22/11/2024","-","-","“sanchezjosephine180”","Multiple organizations","Researchers at Socket detect six malicious npm packages published by a threat actor named “sanchezjosephine180” designed to mimic highly popular libraries through typosquatting.","Malware","Multiple Industries","Cyber Crime",">1","Link","Supply Chain Compromise"
"72","22/11/2024","21/11/2024","21/11/2024","?","Blue Yonder","Supply chain management firm Blue Yonder warns that a ransomware attack caused significant disruption to its services, with the outages impacting grocery store chains in the UK.","Ransomware","Professional, scientific and technical","Cyber Crime","US","Link","Unknown"
"73","22/11/2024","Since 2022","Since 2022","Shanghai Haixun Technology, Times Newswire, Durinbridge, and Shenzhen Bowen Media","Individuals Worldwide","Google’s security team removes hundreds of news sites and domains from Google News for running pro-China content sourced back to a handful of companies allegedly working together as part of an influence operation called GLASSBRIDGE.","Coordinated Inauthentic Behavior","Individual","Cyber Warfare",">1","Link","N/A"
"74","22/11/2024","09/02/2024","01/11/2024","?","Walsworth Publishing Company","Commercial printing firm Walsworth Publishing Company discloses a data breach affecting over 107,000 individuals, after the company discovered that its website and purchasing page had been compromised.","Malicious Script Injection","Professional, scientific and technical","Cyber Crime","US","Link","Unknown"
"75","22/11/2024","Since 2020","Since 2020","Ruby Sleet","Aerospace and defense companies","Researchers at Microsoft reveal that the group of North Korean hackers called “Ruby Sleet” compromised aerospace and defense companies with the aim of stealing industry secrets that could help further develop its weapons and navigation systems.","Targeted Attack","Manufacturing","Cyber Espionage",">1","Link","Unknown"
"76","22/11/2024","During July 2024","During September 2024","?","Marin Housing Authority","Threat actors steal $950,000 that was earmarked for the rehabilitation of public housing in Marin City, from the Marin Housing Authority.","Account Takeover","Public admin and defence, social security","Cyber Crime","US","Link","Unknown"
"77","23/11/2024","Earlier in November 2024","Earlier in November 2024","?","Undisclosed prisons in the U.K.","Confidential prison layouts in the U.K. are leaked onto the dark web.","Unknown","Public admin and defence, social security","Cyber Crime","GB","Link","Unknown"
"78","23/11/2024","04/10/2024","25/10/2024","?","Pacific Pulmonary Medical Group","The Pacific Pulmonary Medical Group (PPMG) is hit with an Everest Team ransomware attack.","Ransomware","Human health and social work","Cyber Crime","US","Link","Unknown"
"79","24/11/2024","-","-","Handala","Israel's national intelligence agency Mossad","A hacker group motivated by the death of former Hamas leader Yahya Sinwar claims to have targeted Israel's national intelligence agency Mossad and obtained a trove of documents that purportedly name hundreds of Israeli spies, after compromising Silicom.","Unknown","Public admin and defence, social security","Hacktivism","IL","Link","Supply Chain Compromise"
"80","25/11/2024","Since 2023","Since 2023","Earth Estries, a.k.a. FamousSparrow, GhostEmperor, Salt Typhoon, and UNC2286","Telecommunications, technology, consulting, chemical, and transportation industries, government agencies, and non-profit organizations (NGOs).","Researchers at Trend Micro observe the China-linked threat actor known as Earth Estries using customized malware such as SNAPPYBEE, DEMODEX, and GHOSTSPIDER to conduct long-term espionage activities against their targets.","Targeted Attack","Multiple Industries","Cyber Espionage","AF BR ID IN MY PH PK SZ TH TW US VN ZA","Link","Security Appliance Vulnerability"
"81","25/11/2024","-","-","?","Undisclosed organization(s) in the U.S.","The U.S. Cybersecurity and Infrastructure Security Agency (CISA) adds CVE-2023-28461. a now-patched critical security flaw impacting Array Networks AG and vxAG secure access gateways to its Known Exploited Vulnerabilities (KEV) catalog following reports of active exploitation in the wild.","Unknown","Unknown","Unknown","US","Link","Security Appliance Vulnerability"
"82","25/11/2024","'Recently'","'Recently'","?","Android Users","Researchers at McAfee reveal that over a dozen malicious Android apps identified on the Google Play Store that have been collectively downloaded over 8 million times contain malware known as SpyLoan.","Malware","Individual","Cyber Crime",">1","Link","Rogue App"
"83","25/11/2024","Early october 2024","Early october 2024","?","OpenSea Users","Researchers at Cofense identify a credential phishing scheme targeting OpenSea users by impersonating the legitimate OpenSea website, to get recipients to connect their crypto wallets to the phishing page and drain their wallets.","Account Takeover","Fintech","Cyber Crime",">1","Link","Phishing Email"
"84","25/11/2024","Since at least January 2023","During November 2024","?","Multiple organizations","Researchers at VulnCheck reveal that threat actors are using public exploits for CVE-2024-11680, a critical authentication bypass flaw in ProjectSend to upload webshells and gain remote access to servers.","Malware","Multiple Industries","Unknown",">1","Link","Public-facing App Vulnerability"
"85","25/11/2024","Since June, 2024","Between June and October 2024","CyberVolk","Multiple organizations","Researchers at Sentinel One reveal that the pro-Russian hacktivist group CyberVolk has launched its own ransomware-as-a-service (RaaS) operations to advance its causes.","Ransomware","Multiple Industries","Hacktivism",">1","Link","Unknown"
"86","25/11/2024","Since 02/10/2023","-","?","Multiple organizations","Researchers at Checkmarx discover a software supply chain attack via a malicious package named @0xengine/xmlrpc, downloaded 1,790 times, and starting off as an innocuous library and later adding malicious code to steal sensitive data and mine cryptocurrency on infected systems.","Malware","Multiple Industries","Cyber Crime",">1","Link","Supply Chain Compromise"
"87","25/11/2024","25/11/2024","25/11/2024","?","Wirral University Teaching Hospital","Major UK healthcare provider Wirral University Teaching Hospital (WUTH), part of the NHS Foundation Trust, suffers a cyberattack that causes a systems outage leading to postponing appointments and scheduled procedures.","Unknown","Human health and social work","Cyber Crime","GB","Link","Unknown"
"88","25/11/2024","23/10/2024","23/10/2024","RansomHub","City of Coppell","The RansomHub operation takes credit for a damaging attack on the city of Coppell, Texas.","Ransomware","Public admin and defence, social security","Cyber Crime","US","Link","Unknown"
"89","25/11/2024","20/11/2024","20/11/2024","RansomHub","Minneapolis Park and Recreation Board","The RansomHub operation takes credit for a damaging attack on the Minneapolis Park and Recreation Board.","Ransomware","Arts entertainment, recreation","Cyber Crime","US","Link","Unknown"
"90","25/11/2024","Between 2020 and 2023","between 2020 and 2023","Threat actors from North Korea","Multiple organizations in China and Russia","Researchers at Microsoft reveal that the North Korean fake IT worker scheme is spread globally, with businesses in China, Russia, and other countries also affected.","Targeted Attack","Multiple Industries","Cyber Crime Cyber Espionage","CN RU","Link","Social Engineering"
"91","25/11/2024","During November 2024","During November 2024","?","Multiple Organizations","A new phishing campaign is observed corrupting Microsoft Word documents to bypass email security systems and trick users into sharing sensitive information.","Account Takeover","Multiple Industries","Cyber Crime",">1","Link","Phishing Email"
"92","25/11/2024","-","-","?","HDFC Life Insurance","HDFC Life Insurance says there have been some instances of data leaks and assessing potential impact of this breach.","Unknown","Finance and insurance","Cyber Crime","IN","Link","Unknown"
"93","26/11/2024","Since November 2023","Since November 2023","Matrix","Multiple organizations in  China, Japan, and to a lesser extent Argentina, Australia, Brazil, Egypt, India, and the U.S.","Researchers at Aqua uncover a new and widespread Distributed Denial-of-Service (DDoS) campaign orchestrated by a threat actor named Matrix.","DDoS","Multiple Industries","Cyber Crime","AR AU BR CN IN JP US","Link","Misconfiguration"
"94","26/11/2024","-","-","?","Multiple e-Commerce sites","Researchers at Sucuri discover a malicious JavaScript injection targeting Magento websites, dynamically creating a fake credit card form or extracting payment fields directly depending on the variant of the malware, activating only on checkout pages. The stolen data is then encrypted and exfiltrated to a remote server.","Malicious Script Injection","Wholesale and retail","Cyber Crime",">1","Link","Unknown"
"95","26/11/2024","Since at least 08/10/2024","08/10/2024","RomCom (a.k.a. Storm-0978, Tropical Scorpius, or UNC2596)","Multiple organizations across Europe and North America","Researchers at ESET reveal that ​the Russian-based RomCom cybercrime group chained CVE-2024-9680 and CVE-2024-49039, two zero-day vulnerabilities in recent attacks targeting Firefox and Tor Browser users across Europe and North America.","Targeted Attack","Multiple Industries","Cyber Crime",">1","Link","Endpoint Software Vulnerability"
"96","26/11/2024","During August 2024","During August 2024","APT-C-60","Unnamed organization in Japan","Researchers at JPCERT discover a campaign targeting Japanese and other East Asian organizations, suspected to be orchestrated by the threat group APT-C-60, and exploiting Google Drive and BitBucket.","Targeted Attack","Unknown","Cyber Espionage","JP","Link","Phishing Email"
"97","26/11/2024","Since June 2024","Since June 2024","Earth Kasha","Individuals and organizations in Japan","Researchers at Trend Micro discover a new spear-phishing campaign by the Earth Kasha threat actor, targeting individuals and organizations in Japan since around June 2024, and carried out via the ANEL backdoor.","Targeted Attack","Multiple Industries","Cyber Espionage","JP","Link","Phishing Email"
"98","26/11/2024","Since August 2024","Since August 2024","?","Multiple organizations","Researchers at Trustwave discover a new phishing-as-a-service (PhaaS) platform named 'Rockstar 2FA', facilitating large-scale adversary-in-the-middle (AiTM) attacks to steal Microsoft 365 credentials.","Account Takeover","Multiple Industries","Cyber Crime",">1","Link","Phishing Email"
"99","26/11/2024","-","-","?","Unknown organization(s)","Microsoft addresses four security flaws impacting its artificial intelligence (AI), cloud, enterprise resource planning, and Partner Center offerings, including CVE-2024-49035, one that it said has been exploited in the wild.","Unknown","Unknown","Unknown","Unknown","Link","Public-facing App Vulnerability"
"100","26/11/2024","'In recent months'","'In recent months'","?","Banking users in Brazil, India, Italy and Mexico.","Researchers at IBM discover a new campaign of PixPirate targeting banking users in Brazil, India, Italy and Mexico.","Malware","Finance and insurance","Cyber Crime","BR IN IT MX","Link","Rogue App"
"101","27/11/2024","Since at least 29/06/2024","-","?","Developers and Gamers","Researchers at Check Point reveal that threat actors have used new GodLoader malware exploiting the capabilities of the widely used Godot game engine to evade detection and infect over 17,000 systems in just three months.","Malware","Arts entertainment, recreation","Cyber Crime",">1","Link","Supply Chain Compromise"
"102","27/11/2024","-","-","?","Zello","Zello warns customers to reset their passwords if their account was created before November 2nd in what appears to be another security breach.","Unknown","Information and communication","Cyber Crime","US","Link","Unknown"
"103","27/11/2024","27/11/2024","27/11/2024","ThreeAM","City of Hoboken","The city of Hoboken shuts down its government offices after an early morning ransomware attack caused widespread issues.","Ransomware","Public admin and defence, social security","Cyber Crime","US","Link","Unknown"
"104","27/11/2024","27/11/2024","27/11/2024","?","Refinadora Costarricense de Petróleo","Refinadora Costarricense de Petróleo (RECOPE), the state-owned energy provider for Costa Rica is hit with a ransomware attack, requiring the company to shift to manual operations and call in help from abroad.","Ransomware","Electricity, gas steam, air conditioning","Cyber Crime","CR","Link","Unknown"
"105","27/11/2024","07/06/2024","28/10/2024","?","Keesal, Young & Logan","The law firm Keesal, Young & Logan discloses that it recently detected a data breach, and an investigation showed that more than 316,000 people were impacted. Threat actors may have obtained names, Social Security numbers, driver’s license numbers, financial account information and other data.","Unknown","Professional, scientific and technical","Cyber Crime","US","Link","Unknown"
"106","28/11/2024","During 2024","During 2024","?","Individuals","Researchers from Group-IB identify more than 500 deceptive ads and over 1,377 malicious websites designed to trick users into downloading fraudulent applications that promise users easy money.","Scam","Individual","Cyber Crime","EG Other countries","Link","Malvertising Rogue Websites"
"107","28/11/2024","'Two weeks before'","'Two weeks before'","Southeast Asian Group","Bank of Uganda","Ugandan officials confirms that the country’s central bank system was hacked by financially-motivated cybercriminals, following several media reports claiming that a Southeast Asian hacker group breached the Bank of Uganda’s accounts and stole as much as $17 million.","Unknown","Finance and insurance","Cyber Crime","UG","Link","Unknown"
"108","28/11/2024","-","28/11/2024","INC Ransom","Alder Hey Children’s Hospital","Alder Hey Children’s Hospital says it is investigating claims that its systems may have been breached and that patient records and other information was stolen, after the ransomware group INC Ransom adds Alder Hey to its leak site.","Ransomware","Human health and social work","Cyber Crime","GB","Link","Unknown"
"109","28/11/2024","-","28/11/2024","INC Ransom","Liverpool Heart and Chest","The INC Ransom group begins leaking on its dark website data allegedly stolen from IT systems shared by Alder Hey Children's NHS Foundation Trust and Liverpool Heart and Chest's NHS Foundation Trust.","Ransomware","Human health and social work","Cyber Crime","GB","Link","Unknown"
"110","28/11/2024","-","-","Threat Actors from russia","Romanian Presidential Elections","Romania’s national security council warns that cyber-attacks are being used to influence the fairness of the country’s live presidential election, strongly suggesting that Russia could be behind these cyber influence attempts.","Unknown","Public admin and defence, social security","Cyber Warfare","RO","Link","Unknown"
"111","28/11/2024","-","-","?","Cabot Financial","A cyber attack targets acquisition and credit servicing firm Cabot involving the theft of some 394,000 data files, including material related to its direct customers and its loan book.","Unknown","Finance and insurance","Cyber Crime","IE","Link","Unknown"
"112","28/11/2024","-","-","?","American Heart of Poland","American Heart of Poland receives a fine of €330,000, after suffering a hacking incident.","Unknown","Human health and social work","Cyber Crime","PL","Link","Unknown"
"113","29/11/2024","From September 2023","From September 2023","APT35 a.k.a. Magic Hound, Cobalt Illusion, Charming Kitten","Aerospace and semiconductor industries, with regional distribution in the United States, Thailand, the United Arab Emirates, Israel","Researchers at ThreatBook discover a campaign carried out by the APT35 Iranian group using forged sites to target the aerospace and semiconductor industries, with regional distribution in the United States, Thailand, the United Arab Emirates, Israel.","Targeted Attack","Manufacturing","Cyber Espionage","AE IL TH US","Link","Rogue Website"
"114","29/11/2024","-","-","?","Individuals","Researchers at Malwarebytes discover a campaign promoting tech support scams via bogus help for printer problems.","Scam","Individual","Cyber Crime",">1","Link","Malvertising"
"115","29/11/2024","-","-","APT-C-01 a.k.a. Poison Ivy","Organizations in the defense, government, technology, and education sectors","Researchers at QQ discover a resurgence of APT-C-01, also known as the Poison Ivy group, in a campaign mimicking official websites to create convincing phishing pages.","Malware","Multiple Industries","Cyber Espionage","CN","Link","Rogue Website"
"116","29/11/2024","-","-","RansomHub","Bologna Football Club 1909","Bologna Football Club 1909 confirms it suffered a ransomware attack after its stolen data is leaked online by the RansomHub extortion group.","Ransomware","Arts entertainment, recreation","Cyber Crime","IT","Link","Unknown"
"117","29/11/2024","During August 2024","During August 2024","?","Stoli Group USA","Stoli Group's U.S. companies file for bankruptcy following an August ransomware attack and Russian authorities seizing the company's remaining distilleries in the country.","Ransomware","Accommodation and food service","Cyber Crime","US","Link","Unknown"